Lat,Lon,SEAI
50.84729994375,5.71834797415927,1
50.8450169733333,5.7190885,2
50.8445607672566,5.719452739823,1
50.8302882444444,5.72050407777777,1
50.830340992,5.720533412,1
50.8450171366666,5.7190825,2
50.8301431828571,5.72060184857142,1
50.8302889833333,5.72050211666666,1
50.8304760559999,5.72060122,1
50.85312888,5.71036535999999,0
50.8525939578947,5.71037196315789,0
50.8563678022472,5.71109382134831,0
50.8535627,5.71032355,0
50.8539868809523,5.71029237142857,0
50.8544457293103,5.71104416206896,0
50.8510757214285,5.71152793498351,9
50.8494027543859,5.7078440368421,0
50.8488957285714,5.70760147142857,0
50.85082672,5.70766578,0
50.8512586249999,5.70773913333333,0
50.8489135506666,5.70864484666666,0
50.8496679571428,5.7089760047619,0
50.855466725,5.6823546125,4
50.8218559642857,5.72529567857142,0
50.8220250652173,5.7251333173913,0
50.8225814625,5.72557513124999,0
50.82243594,5.72533314666666,0
50.8514350545454,5.7075715,0
50.8516159695652,5.70760692173913,0
50.852144676923,5.70702935384615,0
50.8516252266666,5.70860752666666,0
50.852532337037,5.70702467407407,0
50.8520065925925,5.70746091851851,0
50.8528059,5.7076549375,0
50.8227665040816,5.72462510816326,1
50.852969817647,5.70658779411764,2
50.853526,5.7059424625,1
50.8238828933333,5.72273404666666,0
50.8239924692307,5.72251225384615,0
50.8243376749999,5.72186915,0
50.8246184375,5.72220195,0
50.841641096,5.648584536,2
50.8532593599999,5.70959918,0
50.8531966611111,5.70681268333333,0
50.8525071888888,5.7098466,0
50.8246120687499,5.7231351625,0
50.84329535,5.64807678571428,1
50.85293469,5.70821127,0
50.8429456964285,5.64784586428571,1
50.85416188,5.70836902666666,1
50.842525075,5.64799608333333,2
50.8541812,5.70956704705882,1
50.825492216,5.72291799199999,0
50.8402214571428,5.64758253928571,5
50.853390115,5.70921456999999,0
50.8262703625,5.72256385,0
50.8408944535714,5.64835214285714,1
50.8260449853658,5.72290494390243,0
50.8534256210526,5.70863995789473,0
50.82586963125,5.72219560416666,0
50.8419864433333,5.64709994333333,1
50.8526257878048,5.70885091951219,0
50.8252320315789,5.72239491578947,0
50.84129351875,5.648058,2
50.8260293,5.72363172682926,0
50.8409362727272,5.6479434090909,1
50.8253354142857,5.72353040714285,0
50.8556609133333,5.70959540333333,0
50.8560275529411,5.70914869411764,0
50.8548308133333,5.70962894999999,1
50.8561003666666,5.70807134285714,0
50.8555788333333,5.7077420125,0
50.8561614882352,5.70861094117647,0
50.8625487727272,5.68128716666666,1
50.8545406882352,5.70767988823529,1
50.8549613608695,5.70736447826087,1
50.8555022454545,5.70610674999999,0
50.8483433307692,5.70727005384615,3
50.8553568666666,5.7068609,0
50.852431109375,5.70786119687499,0
50.8518751304347,5.70644660434782,0
50.8654496340909,5.68537420954359,0
50.8534763313725,5.70557894705882,2
50.8504852304347,5.70697645652173,1
50.86999846,5.67297334799999,0
50.8793731666666,5.67744686666666,0
50.8566303875,5.707463975,0
50.8580761172413,5.70857407931034,0
50.8647354545454,5.68611038589749,0
50.8798846,5.67603159999999,0
50.8549332473684,5.70623624736842,0
50.8797979894736,5.67822787894736,0
50.8679243441176,5.68955238746516,0
50.865231942647,5.68716409052673,0
50.8751945058823,5.68062597647058,2
50.839746240625,5.64555078125,1
50.87110262,5.68421026,0
50.8414654115384,5.64331658846153,0
50.825273675,5.72075496875,0
50.8258246391304,5.72006546521739,0
50.8394086363636,5.64658388787878,3
50.8416476625,5.64383425,0
50.8257260884615,5.72070673076923,0
50.8404129,5.64713371999999,2
50.8410168999999,5.647499788,1
50.8414838259259,5.6465660074074,1
50.8262176666666,5.72072351666666,0
50.840740425,5.645801921875,2
50.8407801413793,5.64513873793103,1
50.840985976923,5.6468386576923,1
50.8419194317073,5.64520881707317,0
50.8276397714285,5.7224677047619,0
50.8279293076923,5.72382616923076,0
50.8422234428571,5.64610949523809,0
50.8275593454545,5.72310576818181,0
50.8432123344827,5.64714114482758,0
50.8271053916666,5.72333164999999,0
50.8268297434782,5.72281723913043,0
50.8430747095238,5.64494932857142,0
50.8432579559999,5.646308808,0
50.8402072375,5.64418785416666,0
50.8269786038461,5.7238683,0
50.8429115555555,5.64362575833333,0
50.8273986787878,5.72077808484848,0
50.8425209517241,5.6429676275862,0
50.8273384875,5.71996696666666,0
50.8426676041666,5.64583885,0
50.8424851958333,5.64571905416666,0
50.827245192,5.72057357370645,0
50.8208562035714,5.725028725,0
50.82006703125,5.72277014375,0
50.8211109,5.72548419999999,0
50.821556576923,5.7220147,0
50.8234649260416,5.72171446354166,0
50.82231975,5.72734723484848,0
50.8214846041666,5.72597145833333,0
50.8211333263157,5.72315212105263,0
50.82128662,5.72448876,0
50.8207519333333,5.72746271904761,0
50.8217130529411,5.72148002941176,0
50.8240559714285,5.72030506190476,0
50.8246233916666,5.72061803958333,0
50.8253190818181,5.72164185454545,0
50.8217655448275,5.72151043103448,0
50.8226322745762,5.72396917966101,0
50.8224973964285,5.72301678571428,0
50.8239231722222,5.72072452222222,0
50.82342712,5.72311442666666,0
50.8226608666666,5.72373476666666,0
50.84121194375,5.644281425,0
50.8282658289473,5.7226443736842,0
50.8399201851851,5.64669985925925,3
50.8287275631578,5.72051563157894,0
50.8402810461538,5.64643748461538,2
50.8387519666666,5.64872036666666,3
50.8284389305555,5.72211298611111,1
50.8392024374999,5.64852561499999,6
50.828558673913,5.72398559565217,0
50.8283297487179,5.72038297179487,0
50.8416340086956,5.64454130434782,0
50.82943534375,5.7206945375,0
50.8392219555555,5.64911957222222,8
50.8295995137254,5.72104084313725,0
50.8391314239999,5.650063712,9
50.8391996166666,5.64911388888888,8
50.8298274052631,5.72179481052631,2
50.838830068421,5.65203442105263,5
50.8301467333333,5.72003671212121,0
50.83924014,5.6491372,8
50.829653075,5.72203365625,2
50.8392123611111,5.64910755555555,8
50.829963968421,5.72221407894736,2
50.8390562857142,5.65144012380952,8
50.8302653466666,5.72127003999999,1
50.83042154,5.72243874,1
50.8304791478261,5.72244946956521,1
50.8389387615384,5.65174876153846,6
50.8394698095238,5.65033881904762,10
50.8299844866666,5.72385488333333,0
50.8395714818181,5.65008218636363,11
50.8305168333333,5.72335970833333,0
50.8392109904761,5.65105223333333,10
50.839320375,5.650762605,9
50.8300503249999,5.72363205999999,0
50.8396587357142,5.64985524285714,9
50.8269053592592,5.72150349629629,0
50.8288558030303,5.72204169393939,1
50.8265544684931,5.72578299315068,3
50.8362890866666,5.65219676666666,0
50.8273386675675,5.72539214864864,8
50.8272361571428,5.72541998095238,8
50.82764821,5.72473186499999,5
50.8373177434782,5.65645152051976,0
50.82756085,5.7249782576923,8
50.8345845375,5.6513236,0
50.8359409249999,5.65310318,0
50.835674955,5.65175999,0
50.8278881254098,5.72616068114754,8
50.8359684294117,5.65484759411764,0
50.8379036064516,5.65946790967742,0
50.8459181,5.70984351428571,2
50.8446395333333,5.71391564166666,0
50.8458367999999,5.71058606666666,0
50.8456372733333,5.71174653333333,0
50.8457954620689,5.70938748965517,2
50.844831662271,5.71127807802197,0
50.8450547928571,5.71242502857142,0
50.8453153321428,5.71100450357142,0
50.8458305428571,5.70861706071428,4
50.8449219049999,5.71355744999999,0
50.84600850625,5.70904384375,2
50.8471865959999,5.71134091199999,1
50.8474072583333,5.69134109999999,20
50.8462130590909,5.69276536363636,33
50.8477704695652,5.7120397,3
50.8468970675675,5.69226264324324,43
50.8425513392857,5.64968378125,1
50.8474393869565,5.69160895652173,30
50.8471888416666,5.71134526666666,1
50.8464680818181,5.69199175227272,29
50.8423786181818,5.64926245454545,1
50.84719086,5.71134918,1
50.8469070545454,5.71314303636363,1
50.8313589,5.7297327125,2
50.8463783764705,5.69250553529411,32
50.843349747826,5.65089790869565,0
50.843180692,5.650262412,0
50.8473671629629,5.71293845185185,1
50.8289594666666,5.72996777777777,0
50.8467326342105,5.69277300263157,42
50.8431364192307,5.65048140384615,0
50.847137015,5.71286825999999,2
50.8279802333333,5.73013814802973,1
50.8461609066666,5.69354971333333,33
50.8460337,5.71291798571428,0
50.8332066818181,5.72978581818181,0
50.8465355238095,5.69403019999999,47
50.8433074959999,5.65087704,2
50.8461788642857,5.71270672857142,0
50.8435244399999,5.6511517,0
50.8466726583333,5.71356104999999,1
50.8301998,5.7294854,0
50.8463708,5.693185825,39
50.84333983,5.65105775,2
50.8439453,5.65188943846153,0
50.8464949928571,5.71190814999999,0
50.83241264,5.7291662,2
50.8462699888888,5.69459238888888,33
50.8441310826086,5.65233663043478,1
50.8307809,5.7295719,1
50.8462072766666,5.69433764666666,33
50.8463244571428,5.71249640714285,0
50.8326394045454,5.72962845,3
50.8440019679999,5.651681172,0
50.8464788928571,5.71227112857142,0
50.8474029307692,5.69284369999999,69
50.8326116407407,5.73156297777777,2
50.8477183571428,5.69315168571428,87
50.843969865,5.652396875,1
50.8464002142857,5.71097015,0
50.8442870166666,5.65261219,1
50.8464308714285,5.71160157142857,0
50.844110615,5.6524911,1
50.8463976142857,5.7112903,0
50.8478454069767,5.6910392488372,31
50.8454479857142,5.71376354285714,3
50.8456834894736,5.71342755263157,3
50.8306253812499,5.73094701875,0
50.8482091035087,5.69019072105263,64
50.8465986378378,5.71094416621621,1
50.83284085,5.73205558333333,2
50.84817776,5.68979569,56
50.84521908,5.71409786999999,3
50.8311967333333,5.73118452222222,0
50.8323918588235,5.72954608588235,3
50.8307924590909,5.73100662272727,0
50.8485322692307,5.69146989692307,113
50.8485796820512,5.69067981794872,98
50.8456733892307,5.71769327846153,1
50.8481651222222,5.69188224444444,80
50.8453512764705,5.71928098823529,3
50.8489020513513,5.69056991081081,113
50.84914722,5.69116678,112
50.8463295413793,5.71406915,4
50.8487804124999,5.689883425,95
50.8471274357142,5.71668789285714,0
50.8471690428571,5.71432825714285,1
50.849019840909,5.691733999954,128
50.8469858380952,5.71540969047619,1
50.8466757499999,5.714468525,1
50.8490138285714,5.69335568095238,144
50.8477514157142,5.71523199,1
50.8488986875,5.6934082375,144
50.8479192333333,5.71626313589743,2
50.8484688095238,5.69251342857142,115
50.8484865071428,5.69266584642857,128
50.8477679523809,5.71375767619047,1
50.8490551388888,5.71670027222222,4
50.8483924246153,5.69329342153846,138
50.8480703277777,5.70859512222222,1
50.8487444480769,5.71415270621441,6
50.8484288730769,5.69401740384615,106
50.8476525541666,5.70821108333333,2
50.8476879545454,5.6943238,65
50.8478253862068,5.70915456206896,1
50.8490062576923,5.71913304230769,1
50.8486628615384,5.71849494358974,3
50.8485542333333,5.69416528148148,101
50.8483593869565,5.71377739999999,3
50.8479572333333,5.69366644,94
50.8486817261904,5.71628513095238,6
50.8472883384615,5.69468143846153,42
50.84916951,5.69440339,88
50.8500775,5.7141399,5
50.8494188794871,5.71469473846153,3
50.8483681909091,5.69472127272727,59
50.8493505235294,5.71449241764706,3
50.8498311352941,5.69331019117647,127
50.8493160999999,5.71720267222222,3
50.8494015875,5.69361059583333,128
50.8492274933333,5.69361078333333,136
50.8503066333333,5.7142254111111,5
50.8501927499999,5.69363628586956,79
50.851289101923,5.69309989807692,76
50.849772385,5.71621024,0
50.8504937723404,5.6930566787234,103
50.8499950318181,5.71644761818181,0
50.8510946089552,5.69288446567164,86
50.8499024631578,5.71768296842105,0
50.8502368931034,5.7150859,4
50.8504305,5.7169466,0
50.8503080299999,5.71615221,0
50.849277187234,5.69035392765957,141
50.8512645743589,5.71750675384615,0
50.8491826098039,5.68974610196078,116
50.8505995133333,5.71598442666666,0
50.8496347642857,5.69268977857142,137
50.8505945047619,5.71772528571428,0
50.8495316212121,5.69140959696969,139
50.8507822923076,5.71581884615384,0
50.85091876,5.71758586666666,0
50.8496023299999,5.71845942,2
50.8501476521739,5.71224915652174,3
50.8506426481481,5.71843918148148,0
50.8515111166666,5.71819699583333,0
50.8517194058823,5.71696894117647,0
50.850552467647,5.71352032352941,9
50.8510280522727,5.71476588181818,4
50.8503043142857,5.71351511428571,6
50.8508439828571,5.71496405142857,4
50.8499074258064,5.71233469354838,6
50.8517371119999,5.713496678,9
50.8515371206896,5.71713785517241,0
50.85191796,5.71290015999999,10
50.8485623999999,5.69376078181818,146
50.8514361999999,5.71500315,1
50.8484931428571,5.69465698571428,72
50.8532138499999,5.71450740714285,2
50.8537073529411,5.71482514705882,0
50.85179722,5.71439362666666,3
50.8521090573529,5.71488128970588,4
50.8499387106383,5.69163493191489,121
50.8506381909091,5.69111669999999,131
50.8504990714285,5.69002047714285,105
50.8503582678571,5.69144829642857,135
50.8508655051281,5.69145483846153,112
50.8518894809523,5.69135722857142,54
50.8503591537313,5.69089229850746,126
50.8510020078947,5.69016421491987,73
50.8453517249999,5.64994764583333,0
50.8454804565217,5.64884535869565,0
50.8519172062499,5.68986346666666,33
50.843495125,5.6438196,0
50.8441596833333,5.64813709,1
50.8524690777777,5.6936291,20
50.8450181961538,5.64748976923077,0
50.8535705277777,5.6935536875,9
50.844911492,5.646670464,0
50.8451526259259,5.64830739629629,0
50.8522656281249,5.69253385,36
50.8446820619047,5.64498488095238,0
50.8445240210526,5.64395213157894,0
50.8526657222222,5.69253242222222,22
50.8525004745097,5.69255205294117,25
50.8448069090909,5.64585107272727,0
50.853757247826,5.69104481086956,29
50.8444527636363,5.64293103636363,0
50.844457793617,5.64711586702127,1
50.85342249375,5.69241964375,17
50.8533296571428,5.71361852857142,3
50.8525653803921,5.69134625098039,39
50.8541967526315,5.71430376315789,0
50.853606075,5.714308775,0
50.8533925818181,5.69269833181818,13
50.8532284299999,5.69060253,35
50.8537078615384,5.71263236538461,1
50.845259145,5.64326936166666,0
50.8552980315789,5.71413199473684,0
50.8534162652174,5.71420835652174,1
50.8537130099999,5.690915155,30
50.84598411,5.64380339666666,0
50.8541566933333,5.71347658666666,0
50.8536901681818,5.69127194090909,25
50.8462473394736,5.64305224210526,0
50.8531851043478,5.71268077826087,3
50.85369034,5.69143423999999,20
50.8458988875,5.644676425,0
50.8540213431034,5.69118215689655,23
50.85256656875,5.7142079375,5
50.853499475,5.69279843499999,12
50.8472244,5.64331751,0
50.8522839561403,5.71387701578947,5
50.85521412,5.714764955,1
50.8535511789473,5.69293261578947,12
50.8464596888888,5.64212966666666,0
50.8525401230769,5.7119899,3
50.8542055079365,5.69265704603174,12
50.84664123125,5.64875026875,0
50.849081959375,5.711569646875,4
50.846663665,5.64802905499999,0
50.8496766105263,5.71055757105263,2
50.8467344,5.65080226666666,1
50.8543756238095,5.69143427777777,12
50.8466336458333,5.64973090315022,0
50.8548773036144,5.6925652819277,14
50.8472112,5.6468077,0
50.8496524216216,5.70988945405405,1
50.8548809599999,5.69068446666666,12
50.8494421666666,5.70925245,1
50.8529095083333,5.6924074,16
50.8532677333333,5.69194032222222,14
50.8466513928571,5.64687482857142,0
50.8496737027027,5.71034476486486,1
50.8471694785714,5.64796890624101,0
50.8457654842105,5.64674863947368,0
50.8546666714285,5.69254896666666,12
50.84685259,5.64568404,0
50.8487410454545,5.70949455909091,2
50.8464763757575,5.64514329999999,0
50.8526678255319,5.6898785680851,32
50.854457725,5.70774495,1
50.8460506875,5.64951283333333,0
50.8534529584905,5.69024034528301,33
50.8539760846153,5.68977017884615,21
50.8525451651162,5.69050225813953,39
50.8549933904761,5.69229446428571,12
50.854580776,5.690198936,19
50.8536170379999,5.692008836,17
50.85360826,5.69195766,16
50.8530370741935,5.69182532903225,9
50.8552328455939,5.69223719348659,15
50.84395114375,5.66576440624999,0
50.8437081714285,5.66539141428571,0
50.8438352555555,5.66530138333333,0
50.8446934105263,5.66632162631579,0
50.8445308875,5.6669375625,0
50.8436996,5.66413814,0
50.84309905,5.6715845875,0
50.8433813666666,5.67225173333333,0
50.8441715772727,5.67028191818181,0
50.8429991086956,5.67207068695652,0
50.8440813666666,5.67483928333333,2
50.8435156583333,5.6742342625,0
50.8443475642857,5.67254713571428,0
50.8364511749999,5.73532552499999,0
50.8398138357142,5.73735294285714,0
50.84198135,5.73566717142857,0
50.8393832,5.73707201499999,0
50.8414220052631,5.73549831052631,0
50.841245656,5.736304904,0
50.84124028,5.73467362,0
50.8416778857142,5.73398108571428,0
50.8408564,5.735167375,0
50.8416148428571,5.73464185714285,0
50.8409663058823,5.73376919411764,0
50.839493815,5.73603016,0
50.8423051708333,5.73410121666666,0
50.8401201846153,5.73485212307692,0
50.83973912,5.73486082,0
50.8393913166666,5.73566441111111,0
50.8391158958333,5.73428174166666,0
50.8449436157894,5.67031342105263,0
50.8437200999999,5.67241704166666,0
50.8433749666666,5.67102756666666,0
50.843526,5.6717495875,0
50.8451628538461,5.67097573846153,0
50.8445739081081,5.67174008108108,0
50.8443767125,5.67052180416666,0
50.8454205133333,5.67168218666666,0
50.8461263699999,5.67173156,0
50.8453185727272,5.67125391818181,0
50.84556909,5.67233837,0
50.8468411666666,5.67254479166666,2
50.8460966388888,5.67217603333333,0
50.8456944666666,5.67353794166666,1
50.844973047619,5.67335306666666,0
50.8459803857142,5.67257282857142,0
50.8453874846153,5.67382836923076,0
50.8461401294117,5.67290272352941,2
50.846251065,5.67309187999999,2
50.83913396,5.73505102999999,0
50.8449767764705,5.67418949411764,1
50.8448592857142,5.67392286428571,1
50.838496485,5.735280625,0
50.8452888166666,5.67444675833333,0
50.8444215666666,5.67426422499999,2
50.83868378,5.73528612,0
50.844244476923,5.6752548576923,2
50.83809634,5.732270656,1
50.8378464555555,5.73512126666666,0
50.8472786727272,5.67289763636363,1
50.8384042458333,5.73260694166666,1
50.8464127565217,5.67354526086956,2
50.84473105,5.67529531666666,2
50.8367775333333,5.73460959583333,0
50.8468413863636,5.67363037272727,2
50.8396490107142,5.73373551785714,2
50.837354365,5.73483668,0
50.8440434214285,5.67580565,2
50.8370468590909,5.73390699545454,0
50.84448063125,5.67626960625,2
50.8446048133333,5.67606670666666,2
50.836597935,5.73307144,0
50.8450623999999,5.67768348333333,0
50.8382287529411,5.73320509411764,1
50.844261675,5.678114625,2
50.8403233861111,5.73362204999999,2
50.8449017999999,5.67779604583333,0
50.8387430027778,5.7336158,1
50.8395313888888,5.73359486111111,2
50.8372321133333,5.73273230666666,0
50.8387349625,5.73268895,1
50.8446595052631,5.67809317894736,1
50.8373341705882,5.73236813529411,0
50.8392336304347,5.73230400434782,2
50.8461023666666,5.67836705714285,3
50.8459750666666,5.6776069625,1
50.84538065,5.67854123333333,0
50.8455824333333,5.67757242222222,0
50.8454079692307,5.67758116153846,0
50.8457947571428,5.67702982857142,1
50.8450476222222,5.67664472222222,0
50.8443178,5.67720914166666,1
50.8444097736842,5.67742175263157,0
50.8458558277777,5.67647788333333,2
50.846457295238,5.6759111047619,3
50.8476372285714,5.67501948095238,1
50.8442057624999,5.67650436875,2
50.84407476875,5.67660559375,1
50.8478307562499,5.675224496875,3
50.8449232142857,5.6761203,2
50.8448543625,5.675911675,2
50.8460551111111,5.67525895555555,3
50.8397836842105,5.73133625789473,0
50.8372484947368,5.73185752631579,0
50.837873525,5.73142625,0
50.8371259047619,5.73023346190476,0
50.8394343272727,5.73000987727272,0
50.8393442090909,5.73180271363636,2
50.8395561307692,5.73030225384615,0
50.8376792842105,5.7305766368421,0
50.83652974,5.7311988,0
50.8363056076923,5.73431401538461,0
50.8372046266666,5.73099248666666,0
50.8362621333333,5.732929925,0
50.8387623857142,5.72744814285714,0
50.8387303947368,5.72925778421052,0
50.8366899823529,5.73171295294117,0
50.8398417,5.72884321428571,0
50.8397342173912,5.72840963043478,0
50.837562296875,5.72725283125,0
50.8382359261904,5.72787053095238,0
50.8463598631578,5.67494385263157,4
50.836378438,5.728422037,0
50.8466755590909,5.67648816363636,3
50.86708115,5.65341319999999,0
50.8365354647058,5.72879662941176,1
50.8363477736842,5.72615083157894,0
50.8468399875,5.67639855,3
50.84633036,5.67554274666666,3
50.8360078347826,5.73190281304347,0
50.8467067380952,5.67465395714285,3
50.8393851533333,5.72593839,1
50.8468823772727,5.67446448636363,2
50.8670188625,5.6538404,1
50.8473564266666,5.67601518666666,4
50.8382473392857,5.72500418214285,0
50.847404147619,5.67409249523809,1
50.8478895733333,5.67565587333333,3
50.8408377444444,5.72276946111111,4
50.8471387874999,5.6759443875,3
50.8393170444444,5.72618215777777,1
50.8458662944444,5.67079554444444,0
50.8404667125,5.7236104125,0
50.83876313125,5.72359811875,0
50.847208540909,5.67421409090909,2
50.84038035,5.72487197,1
50.8477890928571,5.67587666428571,3
50.8409888461538,5.72050925384615,0
50.8379448533333,5.72353082666666,0
50.848347325,5.675310925,4
50.84683108,5.67194339599999,1
50.8478769,5.67392837619047,0
50.8392674333333,5.72461891428571,1
50.8485013396825,5.67277164285714,1
50.8393259833333,5.72351931666666,1
50.8481216833333,5.67294547037037,1
50.83835466,5.72284807333333,0
50.8483926316239,5.67453597948717,1
50.8482441644067,5.67594382203389,5
50.8666889833333,5.65325074166666,0
50.8658791583333,5.65138194166666,1
50.8660829916666,5.65187235833333,0
50.8668312428571,5.65358494285714,1
50.8658423714285,5.65081597142857,1
50.8395375173913,5.72288365217391,0
50.8372817416666,5.72386268333333,0
50.8390412454545,5.72297035454545,0
50.8391123222222,5.72206999999999,0
50.8366614055555,5.72123910555555,1
50.837063725,5.724179125,0
50.8371682538461,5.72158443076923,1
50.82369108,5.72631327333333,0
50.8243890096774,5.72561398387096,0
50.8235731791666,5.72596417916666,1
50.8240433888888,5.72533515555555,1
50.8255005625,5.72446261875,1
50.8237723375,5.72475071428571,1
50.8239887785714,5.72506687142857,1
50.8253163384615,5.7261334076923,0
50.8253639586206,5.72585340689655,0
50.8253812793103,5.72508682068965,1
50.8258687249999,5.72532226666666,1
50.8251180142857,5.72731404285714,0
50.82641215,5.727754275,1
50.8252883882352,5.72722107058823,0
50.8259938749999,5.72743620625,1
50.8271488458333,5.72734022083333,4
50.8269889999999,5.72766576666666,1
50.8242540088235,5.72664266470588,0
50.82805175,5.7275554375,1
50.8277758,5.72784645,1
50.8286152222222,5.72699134444444,0
50.8284380818181,5.72771493636363,0
50.82355751,5.72755015499999,0
50.8230593294117,5.7279853117647,0
50.8238850041666,5.7279092,0
50.8289755047618,5.72786854999999,0
50.8269585692307,5.72681194999999,8
50.8244804344827,5.72702372068965,0
50.8296736666666,5.72778101111111,0
50.8292940727272,5.72658379999999,0
50.8303880333333,5.72688733333333,0
50.8305523818181,5.72666201818181,0
50.8301349047619,5.72729476666666,0
50.8310096217391,5.72730574347826,0
50.8309953333333,5.7265567,0
50.82971067,5.72583573,0
50.8303630599999,5.72569306999999,0
50.829878292,5.725108592,0
50.830807568421,5.7254017368421,0
50.83018713,5.72615905999999,0
50.8286148677419,5.72570734193548,0
50.8297040666666,5.72651992222222,0
50.8288521533333,5.72582075999999,0
50.8642465666666,5.68816854444444,2
50.8629968333333,5.6926706,0
50.8629138882353,5.69185232352941,0
50.8635184571428,5.69376330952381,0
50.86280085,5.6924677,0
50.8639618636363,5.6933704,0
50.864110017647,5.69273646470588,0
50.863732725,5.69413435,0
50.8652137466666,5.68932660666666,0
50.863997092,5.691971396,0
50.8645872807692,5.68925758846153,0
50.8644542033333,5.68957201666666,0
50.8650602074074,5.6905942074074,0
50.8643651933333,5.69060294,0
50.8644920538461,5.69030531538461,0
50.863322825,5.690485445,0
50.8632216642857,5.69108495714285,0
50.8639558076923,5.68866753846153,2
50.86390115,5.68999370999999,0
50.8422466363636,5.66550294545454,0
50.8639153954545,5.69135856363636,0
50.8626602333333,5.69230284444444,0
50.8416299599999,5.6676997,0
50.8623338416666,5.68970251666666,1
50.8633098699999,5.6893054,0
50.8624231705882,5.69163637647059,0
50.8424988153846,5.66935584615384,0
50.8619368129629,5.68935099444444,2
50.8421858222222,5.66968258888888,0
50.84234414,5.66822123999999,0
50.8621136611111,5.69036585,2
50.8617881285714,5.68941842857142,2
50.8432080631578,5.66699607894736,0
50.8611445133333,5.68993160666666,1
50.8612539,5.69036805555555,1
50.8423770708333,5.6674266,0
50.8618203772727,5.68957919090909,2
50.8426321941176,5.66613454705882,0
50.8614213727272,5.69005835454545,1
50.8437959533333,5.66883413999999,0
50.8608350666666,5.68968055555555,1
50.8438119043478,5.66806834347826,0
50.8626114,5.69225146666666,0
50.8419095333333,5.6671108,0
50.8606117277777,5.69013697777777,1
50.8614347,5.69079138749999,1
50.8438533028571,5.66662435428571,0
50.86166105,5.69117604999999,1
50.860847217647,5.6892198,1
50.8626355642857,5.68818954761904,1
50.8612312399999,5.69107924,1
50.867032990909,5.68542714291968,0
50.8780666636363,5.69088749090909,0
50.878259385,5.69145426499999,0
50.8769018181818,5.68892569999999,3
50.87762822,5.69102076,0
50.8785233785714,5.69252809999999,0
50.87772635,5.692179578125,0
50.8765969933333,5.69061168666666,0
50.8772437395833,5.69296579166666,0
50.8771326666666,5.69175793333333,0
50.8748704499999,5.691451525,0
50.8767333571428,5.69079262857142,0
50.8756243823529,5.69148097058823,0
50.8759637333333,5.69083824166666,0
50.8760636545454,5.6894907,2
50.8751421863636,5.69072308181818,0
50.8750824692307,5.68947346923077,0
50.8762682833333,5.689611125,2
50.8751276526315,5.68915511578947,0
50.8746833428571,5.68785642857142,0
50.8748640333333,5.6878192,0
50.875660685,5.68865969,1
50.8742794694444,5.68955796666666,0
50.8692175666666,5.6984928,0
50.86965875,5.6689102,0
50.8703177,5.66977069999999,0
50.8700474375,5.6692643125,0
50.8789631333333,5.67184371666666,0
50.8772955571428,5.67255705714285,0
50.8353523833333,5.72372735833333,0
50.8340135272727,5.72425978181818,0
50.8341943444444,5.72425116666666,0
50.8352597764705,5.72328762352941,0
50.8362315181818,5.72396185909091,0
50.8352044533333,5.72462006,0
50.83431101,5.7259122,0
50.83448604,5.72600016,0
50.8334965875,5.725946975,1
50.8337545357142,5.7252285,0
50.83294696,5.72544381999999,0
50.832504795,5.72520158999999,1
50.8322530333333,5.72595161333333,0
50.8330698,5.72501972142857,1
50.8324009782608,5.72705895217391,0
50.8323808866666,5.72616002666666,0
50.8318007076923,5.72681198461538,0
50.8320742384615,5.725278,0
50.8330105882352,5.72638152941176,1
50.8316884909091,5.72542272727272,0
50.8325472319999,5.72446425199999,1
50.8332761666666,5.72368679333333,1
50.84883075,5.67351549749999,1
50.8337294818181,5.72394764545454,0
50.8324365542857,5.72395778,1
50.8329955055555,5.72326582222222,1
50.8326875703703,5.72057648148148,0
50.8318475034482,5.72220202413793,1
50.8321170149999,5.723176635,1
50.8322296,5.72251475416666,0
50.8330384090909,5.72089350909091,0
50.8319880473684,5.72269143157894,1
50.8332479818181,5.72099408181818,0
50.833556673913,5.72283149130434,0
50.8332610866666,5.72281819333333,0
50.8448137285714,5.68069885714285,8
50.8435709790697,5.67494053953488,1
50.8344002916666,5.72350424166666,0
50.833724125,5.7225799625,0
50.8430285799999,5.67406213428571,0
50.8341705875,5.722812825,0
50.8437233380952,5.67688769999999,4
50.8345643863636,5.72421911363636,0
50.8332952285714,5.72226936666666,0
50.8416078208333,5.66877912083333,0
50.8346171,5.72475030869565,0
50.8443227566666,5.67943251333333,3
50.8328630481481,5.72248155555555,0
50.84436345625,5.67904813124999,3
50.8345315448979,5.72274170204081,0
50.845854415,5.67886853,2
50.845913605,5.67931672,2
50.8463287384615,5.67677643461538,3
50.8449165111111,5.67915240555555,3
50.8463407590909,5.67759951818181,2
50.8470695681818,5.67709936363636,2
50.8467851870967,5.67815837419354,5
50.8487834311688,5.6758797,7
50.8471465,5.67750415624999,3
50.8474957466666,5.67789752666666,2
50.8477483,5.67801672,1
50.8482305333333,5.67711505238095,5
50.8477239357142,5.67682823571428,5
50.8453875571428,5.68039934285714,2
50.8468325599999,5.678809165,7
50.8490556071428,5.67738560714285,7
50.849007,5.67751505454545,7
50.846968348,5.679171696,7
50.8482668399999,5.67814836857142,3
50.8490211018518,5.67545831111111,2
50.84203902,5.72402094666666,1
50.8430510538461,5.7222369749689,4
50.8429441703703,5.72921097037037,20
50.8418015666666,5.73286183333333,0
50.8648745571428,5.67191993333333,1
50.8417389529411,5.73139733529411,0
50.8651221388888,5.67070737777777,0
50.8649838136363,5.67099435454545,0
50.84186156,5.73217708999999,0
50.8644575571428,5.66950186190476,0
50.8414156894736,5.72957201052631,2
50.868775475,5.66131955,0
50.8663261714285,5.66607184285714,0
50.8425137911764,5.73220553970588,0
50.8415902560606,5.72953642878787,2
50.8644551402985,5.66772281641791,0
50.8425424230769,5.72944331538461,17
50.8661461306122,5.6655561877551,0
50.8640289333333,5.66974553333333,0
50.8425404538461,5.72991872307692,8
50.8421383846153,5.72929049230769,10
50.8680170272727,5.66222602727272,0
50.8420795846153,5.7292886,6
50.8642083571428,5.66857217142857,0
50.8422411692307,5.7292464,13
50.8639121095238,5.66886037142857,0
50.8421888153846,5.72928891538461,11
50.8684454875,5.65938915,0
50.8683016166666,5.65964672083333,0
50.8682885941176,5.66162349411764,0
50.8686135764705,5.66094492352941,0
50.8405651,5.73360351666666,1
50.8410676375,5.73165049166666,4
50.8668014291666,5.6628177875,0
50.8407899321428,5.72984313035714,6
50.864672665,5.66616651999999,0
50.8410692833333,5.73250183333333,1
50.8382117605263,5.72625585263158,0
50.8662074380952,5.66411399523809,0
50.8674975541666,5.6614026625,0
50.8410361708333,5.73070642916666,6
50.868000916,5.66037584,0
50.8410742583333,5.72910473888889,4
50.8426427178571,5.72752986785714,23
50.8665767375,5.6621072375,0
50.8379553181818,5.72653040454545,0
50.84084089,5.727493075,3
50.8623225636363,5.66463345454545,0
50.86575403125,5.66326240625,0
50.84105895,5.7259032,0
50.86531329375,5.663925875,0
50.8399185308823,5.72751568235294,1
50.8662132875,5.6626324375,0
50.8426395499999,5.72782021071428,27
50.864344325,5.66632118749999,0
50.8433835533333,5.72277715999999,2
50.8643972055555,5.66344581111111,0
50.8425245944444,5.72663121111111,9
50.8647377833333,5.66463323333333,0
50.8421000641025,5.7268375051282,3
50.8642569999999,5.66611384666666,0
50.8408637,5.7244764,1
50.8636976823529,5.66526068823529,0
50.8418617555555,5.72521176111111,1
50.8640770944444,5.66591991666666,0
50.8414580647058,5.72357609411764,3
50.8415750631579,5.72447195263157,1
50.8364298448275,5.72224427241379,0
50.8336241363095,5.72100412892212,0
50.834050916,5.720566332,1
50.8348736588235,5.72003737647058,1
50.8365157333333,5.72258463888888,0
50.8352313916666,5.72054508333333,0
50.8634553599999,5.64519242,0
50.8333574166666,5.71951498333333,1
50.8348361941176,5.72048907647058,0
50.83383050625,5.719890775,1
50.864126825,5.64721719,1
50.8642481095238,5.64710428095238,1
50.8635774652173,5.64510275652173,0
50.8362034187499,5.72107440625,0
50.8359305428571,5.72133721428571,0
50.8650653869565,5.64929457826087,0
50.8651399208333,5.64926985416666,0
50.8655412647058,5.65211895588235,0
50.8646237367347,5.65585641428571,10
50.8662847083333,5.6523578,0
50.8652248291666,5.6542480625,0
50.8648739666666,5.65503993333333,9
50.8658066578947,5.65462792105263,1
50.8649404,5.653553625,0
50.8656697777777,5.65421114999999,1
50.8648536666666,5.65338739166666,0
50.8648025449999,5.653243095,0
50.8647045222222,5.65432173888889,5
50.8654642333333,5.65353160555555,0
50.8633007977777,5.65439984666666,7
50.8646704375,5.65644985625,6
50.8641686319999,5.651940824,0
50.8652206333333,5.65628908888888,6
50.8632173285714,5.65335762857142,2
50.86652314375,5.65476019375,1
50.8652328857142,5.65227277142857,0
50.9007405,5.71454375,1
50.8972548846153,5.69905359230769,0
50.89848023,5.70002693859769,3
50.8975838294117,5.69658795294117,0
50.8977736533333,5.69941063999999,2
50.8981852,5.69809500416666,1
50.8976481566666,5.69792067333333,0
50.8985053749999,5.700827475,2
50.899639,5.69870352499999,0
50.8987852849999,5.70087241,2
50.8965706666666,5.70838034166666,0
50.8966117277777,5.70705921111111,0
50.8971111613636,5.70449227045454,0
50.8962885421052,5.70378803157894,1
50.8959380352941,5.70478762352941,1
50.8951520214285,5.70461472857142,1
50.8954815214285,5.70463542857142,1
50.8956562,5.70890038333333,0
50.8953088266666,5.70856794666666,0
50.8641538055555,5.65062441111111,1
50.8953694064516,5.7092020516129,0
50.8956324466666,5.70728715333333,0
50.8642224392857,5.64897344642857,2
50.8953583136363,5.70815481363636,0
50.86432223125,5.6503685375,2
50.8954333583333,5.70856589166666,0
50.8635163722222,5.65147057777777,0
50.8638946555555,5.65088715,0
50.8956993499999,5.7076498,0
50.8637584111111,5.65122147222222,0
50.8629708833333,5.65557319444444,4
50.8622962785714,5.65494152142857,1
50.8633753722222,5.65178698333333,0
50.8631014833333,5.65077872499999,0
50.8618470249999,5.65385903333333,0
50.862067325,5.654390275,0
50.8600391,5.65440546666666,0
50.8616065714285,5.65331545714285,2
50.8610711416666,5.65409478333333,1
50.8606675291666,5.65451075833333,0
50.8612007928571,5.65320683571428,2
50.861359097093,5.64835764341467,0
50.8622572681818,5.64996362727272,0
50.8601244958333,5.65507571666666,0
50.8619686227272,5.64575471363636,0
50.8631054789473,5.65200695789473,0
50.8623760412698,5.65091466190476,1
50.8604205666666,5.64673724952531,0
50.8623496166666,5.64589511666666,0
50.8629262371428,5.65359763714285,2
50.862669875,5.65345022499999,1
50.8952924809523,5.70657488095238,0
50.8951661777777,5.70590936111111,0
50.8626665045454,5.64939826363636,0
50.8617452772727,5.64764962272727,0
50.8619165304347,5.64735991304348,0
50.8625832874999,5.64765178749999,0
50.8621664181818,5.64715059545454,0
50.8625142090909,5.64971405454545,0
50.863570567647,5.64898188235294,2
50.86270567,5.64865017,0
50.8629266666666,5.64698873333333,0
50.8800391434782,5.68455530869565,0
50.862690255,5.64632562,0
50.8807747933333,5.68399344,0
50.863074775,5.64958885,1
50.8839407,5.6972183,0
50.863160155,5.647656835,0
50.8602515923077,5.64859033076923,0
50.881981990909,5.68398589090909,0
50.8604117928571,5.64915182499999,0
50.85896035,5.6440013,1
50.8807187857142,5.68365261428571,0
50.8818215473684,5.68431396842105,0
50.8608877869565,5.65046457391304,1
50.8610956578947,5.65114411052631,2
50.8606561807692,5.64980713461538,1
50.8613190666666,5.65182857333333,4
50.8808862199999,5.68822973999999,0
50.8818159761904,5.68577666666666,0
50.8817008183673,5.68659392244898,0
50.88123535,5.68663745,0
50.8811416166666,5.68615144166666,0
50.8808704058823,5.68470242941176,0
50.8794595499999,5.68660139285714,0
50.8808493699999,5.687279945,0
50.8802739882352,5.68775955882352,0
50.8798725923076,5.68700866153846,0
50.881105885,5.68518843999999,0
50.8790715125,5.68711485,0
50.8789138846153,5.684477,0
50.8804104636363,5.68303097272727,0
50.8792592733333,5.68553387999999,0
50.8787617222222,5.68522442222222,0
50.8793921083333,5.68581474166666,0
50.8789722454545,5.69044315454545,0
50.8771842,5.68718796999999,1
50.8780303130434,5.68928668695652,0
50.8770129697368,5.68844205859773,3
50.8764125857142,5.68878870857142,3
50.8762964777777,5.68688713333333,1
50.8775984571428,5.69027652380952,0
50.8455528055555,5.73332109166666,0
50.8440539333333,5.73755546666666,0
50.8542645,5.71815577916666,1
50.8756181666666,5.73167216666666,0
50.853582940909,5.72021701363636,0
50.8540759076923,5.72061541538461,0
50.8826054666666,5.72514,0
50.8902388428571,5.71901979999999,0
50.8528061812499,5.7190479125,1
50.88104632,5.72924916,0
50.8541051117647,5.71760865294117,1
50.85343438125,5.7196046,0
50.8525597999999,5.71910265,0
50.8532763499999,5.71742825,1
50.8530342142857,5.71918034285714,1
50.8529451,5.71843659999999,1
50.8535138428571,5.71829172380952,1
50.8533145636363,5.71799601363636,1
50.8473963777777,5.73715372222222,0
50.8485900249999,5.73460263333333,0
50.8475397966666,5.73330020666666,0
50.8476532199999,5.73421107999999,0
50.8480982166666,5.73501851666666,0
50.84716055,5.7362510625,0
50.8487293409091,5.73456587727272,0
50.8460710874999,5.73737745,0
50.84538535,5.73579442307692,0
50.8472445666666,5.73582431111111,0
50.8452449875,5.73644115625,0
50.8445354277777,5.73488168888888,0
50.8461890516128,5.73330259032258,0
50.8452011642857,5.73680016428571,0
50.8442587809523,5.73496634047619,0
50.84584235,5.73471778999999,0
50.875696151282,5.71408728461538,0
50.846053275,5.73451521666666,0
50.8538147238095,5.72144534285714,0
50.8532680357142,5.72159979285714,0
50.8528714571428,5.72115832857142,0
50.8525892541666,5.71796842916666,1
50.8534768999999,5.71910848125,1
50.853650534375,5.71719935625,1
50.8690686416666,5.71194328055555,0
50.8516694999999,5.7249,1
50.8535028846153,5.71881066923076,1
50.8538114,5.71721673333333,1
50.8717486642857,5.71036270714285,0
50.8708307,5.70730033,0
50.84410281,5.73312076666666,0
50.84338593,5.73301954499999,0
50.8559887090909,5.67026351818181,1
50.8571740363636,5.67075684545454,0
50.8585813357142,5.67086074285714,0
50.8599075565217,5.67104425652173,10
50.8592979666666,5.67095101111111,2
50.8584461142857,5.67001057142857,0
50.858802534375,5.66993535625,0
50.8572913071428,5.66995481428571,0
50.858703590909,5.66912849545454,0
50.858048655,5.670093055,0
50.8577699166666,5.67012954999999,0
50.8571194928571,5.66923694285714,0
50.8592150461538,5.66930223076923,1
50.858557990909,5.66867989090909,0
50.8585139904762,5.66834947619047,0
50.8571893071428,5.66955850714285,0
50.8580970222222,5.66795295555555,0
50.8573965227272,5.66846758181818,0
50.8557027896551,5.66451023103448,0
50.8585223,5.66774337142857,1
50.8567706249999,5.66509191666666,0
50.8570477083333,5.66548781666666,0
50.8565088444444,5.66468308888888,0
50.8561421277777,5.66395358888888,0
50.8563586555555,5.664315525,0
50.8334254117647,5.66762047647058,0
50.8553668137254,5.66323537254902,0
50.8557245619047,5.66354287619047,0
50.8558297333333,5.66236675,0
50.8347635166666,5.67401686666666,0
50.8565455072727,5.66924846363636,1
50.8340218882352,5.67105640588235,0
50.8553698499999,5.66473723181818,0
50.82331122,5.66829872,0
50.8674274,5.65986637692307,0
50.8610120888888,5.71425737777777,0
50.8638681062499,5.66554618749999,0
50.8653825260869,5.66263293043478,0
50.8599841583333,5.71305012083333,0
50.859694575,5.713449475,0
50.8427782492307,5.72431966461538,1
50.8622617208333,5.71529374583333,0
50.85936726875,5.713095075,0
50.8423856148148,5.72468183333333,0
50.8611158583333,5.71497732499999,0
50.8395824348837,5.72208835348837,0
50.8601635142857,5.71394292142857,0
50.8432385735294,5.72497737647058,10
50.860620715,5.71450341,0
50.8428910925926,5.72522808888888,7
50.8621002791666,5.716057825,0
50.8625472958333,5.71662236666666,0
50.8386615241379,5.72202751034482,0
50.8412580666666,5.7220234375,5
50.8615624583333,5.71553820833333,0
50.8427964939393,5.72300003636363,2
50.842626574074,5.72333208148148,1
50.8596330249999,5.710718621875,0
50.8424318869565,5.72192466086956,6
50.85985297,5.71137726,0
50.85976025,5.71018592499999,0
50.841292132258,5.72249822580645,5
50.8603518586206,5.71172576206896,0
50.8601175416666,5.7114588,0
50.84408845,5.71884365,0
50.85941286875,5.71161473124999,0
50.83917868,5.72065431999999,0
50.8422216857142,5.73855701904761,1
50.8427104243902,5.73318698292682,0
50.8438110173076,5.72216515576923,1
50.8432812884615,5.7279627,36
50.8435978535714,5.72510080714285,13
50.8663721466666,5.66050959666666,0
50.8666205862068,5.66126826551724,0
50.8665559428571,5.66000971428571,0
50.8674350035714,5.65925759285714,0
50.86119027,5.711207655,0
50.8677571523809,5.65778678345804,0
50.8612986499999,5.7111952375,0
50.8669632791666,5.65969629166666,0
50.8609726068965,5.71195583620689,0
50.8634990272373,5.66306132840467,0
50.8613322384615,5.71167576666666,0
50.864551342,5.66196586,0
50.8621263125,5.663351875,0
50.8609236235294,5.71249054509803,0
50.86191876875,5.66272440625,0
50.8629759210526,5.66270542631579,0
50.8646577444444,5.66102052777777,0
50.8607218090909,5.71147455454545,0
50.8625574545454,5.66139029090909,1
50.8614647849999,5.71318731,0
50.8629275076923,5.66198936923076,0
50.8640444958333,5.66067231666666,0
50.8643849083333,5.66031372499999,0
50.8602718173913,5.71259046521739,0
50.8629749863636,5.66116083636363,1
50.8636123791666,5.66112186249999,0
50.8602758125,5.71295401875,0
50.86139176,5.71403389999999,0
50.8650325416666,5.660111175,0
50.8614928263157,5.71376797894736,0
50.862206775,5.7138349875,0
50.862120075,5.714801925,0
50.8629457307692,5.71438636153846,0
50.8629463307692,5.71373046153846,0
50.8629224666666,5.71335375714285,0
50.8639687374999,5.7135721625,0
50.8632229263157,5.71545301578947,1
50.86257327,5.71549893,0
50.8627485318181,5.71511979545454,0
50.8636765933333,5.71450370666666,1
50.8633160578947,5.71350434210526,0
50.8615688133333,5.66255425333333,0
50.864550675,5.659220025,0
50.8647905083333,5.65967015,0
50.8621282687499,5.66020220625,1
50.8643106083333,5.65877173333333,0
50.8635219894736,5.66018723157894,0
50.86146613,5.66009062,0
50.8631248999999,5.65916358749999,0
50.86334809,5.65932503,0
50.8622004615384,5.66226042307692,0
50.8623711272727,5.66191024545454,0
50.8618512583333,5.65881346944444,0
50.8609974521739,5.65924287173913,0
50.8611965599999,5.65867955428571,0
50.8622385972222,5.65759969722222,0
50.86288868,5.65773911714285,0
50.8620260695652,5.65818633260869,0
50.8652020545454,5.71500825454545,0
50.8631369869565,5.65701758913043,1
50.8633612911764,5.65642522941176,4
50.8644196315789,5.71418236842105,0
50.8641542083333,5.71502073333333,1
50.8642315375,5.714561125,1
50.8649739428571,5.71516563571428,0
50.862381435,5.65914611,1
50.8628771849999,5.658632515,0
50.8638344703703,5.71565859259259,1
50.86188638,5.65966148999999,1
50.8649109444444,5.71568586666666,0
50.8639301499999,5.7152016,1
50.8639802214285,5.65750237142857,0
50.8635662146341,5.71644800487805,1
50.8637882571428,5.65769011428571,0
50.86409824,5.71721347,0
50.863446375,5.65804745833333,0
50.8643142416666,5.71639903333333,1
50.8644124722222,5.6569437,6
50.8644126545454,5.65694769999999,6
50.8636361829787,5.71742690638297,0
50.8660554458333,5.71559427083333,0
50.8642128357142,5.65724867857142,6
50.8647235565217,5.7176399347826,0
50.8661279916666,5.71642290833333,0
50.8670124357142,5.71644691428571,0
50.8671377652173,5.71669775652173,0
50.8639049523809,5.65621852380952,13
50.8666576999999,5.65734864166666,0
50.86671260625,5.7170966625,0
50.86655665,5.71724164374999,0
50.8663138785714,5.71758842142857,0
50.863974685,5.65457361249999,9
50.86735133,5.71844961999999,0
50.858895808108,5.65618324054054,0
50.8662625153846,5.71790389230769,0
50.8637583879999,5.655187752,14
50.86697428,5.71850247333333,0
50.8590444956521,5.65644368260869,0
50.86145211,5.65633542,0
50.8607621833333,5.65800890833333,0
50.86510147,5.71864552999999,0
50.8668588307692,5.71871537692307,0
50.8613109404761,5.65537937857142,0
50.8663068954545,5.71856222727272,0
50.8658157615384,5.71934019230769,0
50.8612937593749,5.657133596875,0
50.8673028454545,5.71936678181818,0
50.8643853055555,5.71847812222222,0
50.8609410055555,5.65767171666666,0
50.8625361875,5.65593975833333,1
50.8606321592592,5.65670335925926,0
50.8617892291666,5.6568664875,0
50.8621319374999,5.6563202125,0
50.8598915349999,5.656079115,0
50.8603095166666,5.65592403333333,0
50.8625547827586,5.66721671609195,0
50.8547401949999,5.71775708749999,0
50.85503499,5.71671817,0
50.8455069190476,5.72991954761904,0
50.8385878333333,5.66552125333333,1
50.8440833823529,5.72952722352941,0
50.8471400217391,5.72961679130434,2
50.8385716,5.66547324285714,1
50.8469119947368,5.73420085789473,0
50.8504119,5.7283298,0
50.8527197959999,5.673968764,0
50.84646026,5.7279151,4
50.8493531159292,5.7285669079646,0
50.8553906380952,5.6739320047619,0
50.8499789,5.72787274666666,0
50.8523285428571,5.67494755714285,1
50.84795995,5.72780291666666,2
50.8447809839285,5.72805081964285,8
50.85362088,5.674416365,0
50.851742076923,5.6732487076923,1
50.8444657272727,5.72748284090909,15
50.8515169285714,5.67351400357142,2
50.846230976923,5.72753923461538,3
50.8519018392156,5.67533879607843,1
50.8449157199999,5.72396564,0
50.8527915159999,5.672685196,0
50.845167405,5.72598647,2
50.8444177125,5.72688009375,16
50.8536498230769,5.67302263461538,1
50.8446191257142,5.72608631714285,6
50.8527125249999,5.67287495833333,0
50.8449715411764,5.72584312941176,3
50.8520193,5.67205343125,2
50.8445755,5.72481667999999,3
50.8522237083333,5.67325270833333,1
50.8447425076923,5.72404483846153,0
50.8533715133333,5.67340522,0
50.8520027642857,5.67241152857142,2
50.8442286904761,5.72541962380952,11
50.8447124875,5.72298359374999,0
50.8516427461538,5.67259163846153,2
50.8443856759999,5.72390718399999,3
50.8511492875,5.674515515625,1
50.85110244,5.67384990499999,0
50.851243605,5.67247473,2
50.8449199699999,5.72145723999999,1
50.851365625641,5.6728358025641,2
50.8447018761904,5.72175912857142,1
50.8507205206896,5.67374279310344,0
50.840243075,5.66897483749999,0
50.85013425,5.673309525,1
50.8407034666666,5.66845038749999,0
50.8405920611111,5.67208696666666,0
50.8499579285714,5.67446745714285,0
50.8402949062499,5.6698377375,0
50.8495982499999,5.67367445384615,0
50.8402432263157,5.66996900526315,0
50.850244847826,5.67353155652173,0
50.8399787363636,5.6712067,0
50.8503493363636,5.67502125454545,0
50.8397935533333,5.66888625333333,0
50.8499735966666,5.67469431333333,0
50.8497796359999,5.676023936,3
50.8393393857142,5.66960671428571,0
50.85017325,5.676194875,1
50.8511075599999,5.67513881142857,1
50.8507200923077,5.67485086923077,0
50.8420436249999,5.67398637083333,0
50.8504608033333,5.67824264666666,1
50.8404088749999,5.6748695875,0
50.8407912954545,5.67318742272727,1
50.8505507923076,5.6768097576923,0
50.8427931999999,5.67637986875,0
50.8514362125,5.67519543749999,1
50.8416761130434,5.67637816956521,0
50.8421642636363,5.67773920909091,0
50.8528338133333,5.68167727333333,2
50.8414542944444,5.67559543888888,0
50.8510618,5.67911369444444,2
50.840543385,5.67445768,1
50.852097875,5.680598465,1
50.8492406851851,5.67419513703703,0
50.8493673222222,5.67575044888889,3
50.8538517523076,5.68281232923076,1
50.8491780705882,5.67260268823529,3
50.84532455,5.72086917666666,2
50.8453574625,5.724917175,0
50.8388983666666,5.66942166666666,0
50.8524172366666,5.66789702666666,0
50.8452628375,5.7222990125,0
50.83891463125,5.671523375,0
50.8529062472222,5.66722991388889,0
50.8452659916666,5.7236137125,0
50.8457763636363,5.72811371818181,4
50.8380665,5.6721877,0
50.850284955,5.67057168,1
50.8384530875,5.67105920416666,0
50.852072796,5.66852751599999,0
50.8455426125,5.72622863333333,4
50.838025590909,5.67108853636363,0
50.850643465,5.67001625499999,0
50.8456409777777,5.72691946666666,4
50.8456856391304,5.72053744782608,2
50.8374784260869,5.67249052173913,1
50.8515861555555,5.67157963333333,2
50.8456481347826,5.72123892173913,1
50.84940831,5.671923525,4
50.8457576526315,5.72964169999999,0
50.849738005,5.6714115,3
50.8503070086956,5.67238924927536,3
50.84582606875,5.72590811875,1
50.8417197695652,5.67767840434782,0
50.8501431977528,5.67129813707865,3
50.8396672823529,5.6744171,0
50.8456117708333,5.7221337625,0
50.84075258,5.676200152,0
50.8508157971428,5.67179168285714,2
50.8456321437499,5.72270212083333,0
50.8375998759999,5.672615932,1
50.8393595826086,5.67439596521739,0
50.8532032157894,5.66865234736842,0
50.846144675,5.72844896666666,3
50.8431191516129,5.67892763870967,7
50.8518982,5.66972366111111,0
50.8458903571428,5.72636897857142,3
50.8514294894736,5.6705236368421,1
50.8458979625,5.72727888749999,4
50.8413056199999,5.6775382,0
50.8529850903846,5.66829509038461,0
50.8467743533333,5.7268947,1
50.8520788315789,5.67022102631578,0
50.8465109923076,5.72660792307692,2
50.85264752,5.66990449333333,0
50.8462576,5.72911436666666,0
50.8403620375,5.6762339,1
50.8463040777777,5.72971627777777,0
50.855586485,5.668732915,0
50.8546469764705,5.66763311764705,0
50.840066235,5.67602888499999,0
50.8502631888888,5.72123766666666,1
50.8508200533333,5.72075466,1
50.8505918260869,5.71978163043478,0
50.8403003153846,5.67692389230769,2
50.8517449272727,5.72680214545454,0
50.8403501847826,5.67760917391304,2
50.8514308461538,5.72597518461538,1
50.8383185,5.674206128,0
50.8525634466666,5.7261326,0
50.841184075,5.67876060833333,0
50.8514663552631,5.72683561578947,0
50.8528213555555,5.72741416666666,0
50.84165525,5.68020045,0
50.8422250166666,5.6804137,0
50.8523756,5.72533851666666,1
50.8410233571428,5.67864578571428,1
50.850857296,5.723591652,0
50.8419479857142,5.68013887857142,0
50.8418356666666,5.68124604166666,0
50.8517751081632,5.72568019183673,1
50.8471138125,5.72454316249999,1
50.8538749666666,5.66714766666666,0
50.8470639166666,5.72334830833333,1
50.8461526470588,5.72531541764706,0
50.8543200055555,5.66800901111111,0
50.8473950588235,5.72173394117647,0
50.855205228125,5.66899501875,0
50.8466166499999,5.72512622272727,0
50.8470905962962,5.72380517777777,1
50.8538819466666,5.66857512,0
50.8535412722222,5.66930377222222,0
50.8463292157894,5.72502875263158,0
50.85333315,5.66929968,0
50.8473638894736,5.7212395368421,0
50.85416966,5.66817459,0
50.8459873583333,5.72356305833333,0
50.8540619631578,5.66968660526315,0
50.8460919272727,5.72197065454545,0
50.8469433578947,5.72147876315789,0
50.8541336647058,5.66902710588235,0
50.8455693755102,5.72662351428571,4
50.85389836,5.67041344666666,0
50.8470702884615,5.72086623461538,0
50.8544444304347,5.67033844782608,0
50.8473987461538,5.72123735384615,0
50.8534707125,5.6704297,0
50.8465451615384,5.72037818461538,1
50.8532541263157,5.67046478421052,0
50.8549186529411,5.67025268823529,0
50.8476151571428,5.71934474999999,0
50.8459329043478,5.72003316956521,1
50.854443085,5.69999338499999,0
50.8551369266666,5.67039254,0
50.8476181,5.72002418181818,0
50.8596538095238,5.67210797142857,2
50.8571548368421,5.67198094736842,0
50.8555127578947,5.67063009473684,1
50.8472987571428,5.71922048571428,1
50.8622364076923,5.67228908846153,0
50.8451184451219,5.71981906707317,2
50.8528374958333,5.67167912083333,0
50.8623910958333,5.67177159583333,0
50.8485439761904,5.72227076190476,0
50.857014932,5.671437624,0
50.84810121,5.722738745,1
50.8472634139534,5.72571020465116,0
50.8608394249999,5.67166951388888,9
50.858979664,5.671560092,0
50.8475224884615,5.72665766923076,2
50.8541638624999,5.6710228125,1
50.84833288,5.72464426,1
50.8555132464285,5.67130477857143,0
50.8547302875,5.6711878625,1
50.8481591263157,5.72679179999999,1
50.8613905499999,5.67398916666666,0
50.8492916333333,5.72699817333333,0
50.861766625,5.673592625,0
50.8490270714285,5.72519867619047,0
50.8526223688888,5.67108161777777,0
50.8488156809523,5.7258593,1
50.86225905,5.67393051875,0
50.8493038666666,5.72140556666666,0
50.8617751958333,5.6742342375,0
50.8615491157894,5.67516517368421,0
50.8489620888889,5.72360821666666,0
50.8491655519999,5.72213142399999,0
50.86169969,5.67560137,0
50.8498792757575,5.72564389393939,0
50.8615123,5.67266358,0
50.84986555,5.72351632142857,0
50.8618787346153,5.67295408846153,0
50.8508246757575,5.72802186666666,0
50.8618314190476,5.66722626190476,0
50.8563287789473,5.70031406842105,3
50.8622259105263,5.66929569473684,0
50.862511645,5.67418091,0
50.8503243619047,5.72807502222222,0
50.8555472368421,5.70022648421052,0
50.8534185047619,5.72909258095238,0
50.8561395357142,5.7003022,1
50.8556399826086,5.70101090869565,0
50.85506806,5.70076012,0
50.85179115,5.72809638214285,0
50.8558037,5.70003059999999,0
50.8521398777777,5.72852813333333,0
50.85520132,5.70088342,0
50.8537428937499,5.72887260625,0
50.8545120333333,5.70065965833333,0
50.8550859538461,5.7012231076923,0
50.8550380285714,5.70000723333333,0
50.84998709,5.72183556999999,1
50.8536924777777,5.69979844444444,0
50.8514455374999,5.72067537187499,0
50.85132431,5.71955016,0
50.8546341687499,5.70118683125,0
50.8511085222222,5.71980334444444,0
50.8540197184782,5.70072286956521,0
50.8518189249999,5.71968152499999,0
50.8532131,5.70182422666666,0
50.8538195333333,5.70150032333333,0
50.8516301157894,5.71948462105263,0
50.8535484428571,5.70190993571428,0
50.8518812661764,5.72131127647058,0
50.852496335,5.70256898999999,1
50.8529441999999,5.70229630666666,0
50.8511552657142,5.71873233714285,0
50.8530673071428,5.70204132857143,0
50.8520853846153,5.72010821538461,0
50.85262244,5.70219329333333,1
50.8495841069767,5.71968771976744,1
50.852062,5.71879514666666,0
50.8524113315789,5.7200671,0
50.852286525,5.71876644999999,0
50.85261135,5.71980056428571,0
50.861582925,5.670318525,3
50.8625293812499,5.67122623125,0
50.8619337833333,5.6709885375,0
50.8615356368421,5.66728066842105,0
50.8610951111111,5.67105538518518,10
50.8613502249999,5.66768155,0
50.8619419473684,5.66940182105263,0
50.8611349538461,5.66897968461538,8
50.8601231947368,5.66809915263157,8
50.861355816129,5.66962019677419,6
50.8610882642857,5.66845929285714,6
50.8609285866666,5.66799218,4
50.8608755444444,5.66687688888889,0
50.8609675333333,5.66763718333333,0
50.8607476214285,5.66720935,0
50.83132884,5.65391996,0
50.8324733272727,5.65324171818181,0
50.83184368125,5.6571057375,0
50.8315785363636,5.65709568181818,0
50.8506331452554,5.73486199503757,0
50.8319493772727,5.65318569545454,0
50.8469560923076,5.74331426538461,0
50.8321369642857,5.6562134,0
50.8319992090909,5.65649844545454,0
50.8312879434782,5.65566591304347,0
50.83196904,5.65514154,0
50.8311205352941,5.65760180588235,0
50.8318852266666,5.65464697333333,0
50.8653069552631,5.70461236842105,0
50.8315142928571,5.65773888571428,0
50.8636772571428,5.7054319,0
50.8315361857142,5.65591602857142,0
50.8631749166666,5.70631563333333,0
50.8325700999999,5.65386314736842,0
50.8632492333333,5.70605521666666,0
50.832201575,5.65461973333333,0
50.863875085,5.70657600999999,0
50.83281055,5.65404891666666,0
50.8323338277777,5.65396672222222,0
50.8640939272727,5.70705919090909,0
50.8629839333333,5.70563986666666,0
50.8640796631579,5.70475434736842,0
50.8321242714285,5.65849031904761,0
50.8650825999999,5.70554705,0
50.8331164105263,5.65383884736842,0
50.8633029681818,5.70400660909091,0
50.8648320849999,5.705028375,0
50.8327713105263,5.6557933,0
50.8332355016666,5.65565663833333,0
50.83179853,5.65819629,0
50.8542592495867,5.66564803636363,1
50.8641430117647,5.7077607117647,0
50.8333246571428,5.65074320714285,0
50.86456715,5.70599976666666,0
50.8336512333333,5.65308183333333,0
50.8640028043478,5.7090437173913,0
50.8336959941176,5.65363494117647,2
50.8652515609756,5.70660284878049,0
50.8332531444444,5.65201454444444,0
50.8336360857142,5.65190160714285,0
50.8653814,5.707043975,0
50.8339313333333,5.65270008333333,0
50.8646926571428,5.70844439999999,0
50.8337203249999,5.65143561249999,0
50.8537654833333,5.67535463333333,0
50.8649118647058,5.70682222941176,0
50.8342706823529,5.65301157647058,2
50.8663161648648,5.70545452972973,1
50.8341948,5.65203687142857,0
50.86482577,5.70648103,0
50.83487515,5.6538786,5
50.8674938391304,5.70672223913043,1
50.8677678466666,5.70744701333333,0
50.8681434117647,5.70709634705882,0
50.8344653333333,5.65414714666666,5
50.8328296894736,5.65879647894736,0
50.8609285041666,5.6742509625,0
50.8674230777777,5.70777398888888,0
50.860476975,5.67240936666666,4
50.8666679124999,5.7076799,0
50.8335442785714,5.65719896428571,0
50.8676715333333,5.70765093703703,0
50.8342694588235,5.65648443529411,0
50.8668659916666,5.707821025,0
50.8331813837837,5.66154047027026,0
50.86052975,5.67403810666666,0
50.867429875,5.708524625,0
50.859689075,5.67552821666666,0
50.8676854,5.70881992727272,2
50.83595704,5.6592839,0
50.8680425999999,5.70940055,4
50.8688471770833,5.7067028375,0
50.85882293125,5.674154078125,0
50.8678255128571,5.70562565,1
50.8357456051282,5.66426047435897,0
50.8664352047619,5.70968263333333,0
50.8659224714285,5.70952193571428,1
50.8360266666666,5.65971013333333,0
50.834666908,5.66157162,0
50.8678388571428,5.70921314285714,4
50.8467710636363,5.73145793636363,0
50.83510281,5.66020056,0
50.8665594333333,5.70950025833333,0
50.8346675333333,5.66032336666666,0
50.8666230461538,5.71027695384615,0
50.8368171153846,5.6591384,0
50.8650846,5.70855719411764,1
50.8364279666666,5.65777542222222,0
50.8670318076923,5.70897914615384,1
50.8665976904761,5.70929992857142,0
50.8363345714285,5.6606341,0
50.8666262333333,5.70612028333333,1
50.8372738263158,5.6610989,0
50.8353550785714,5.66200855714285,0
50.8658795588235,5.70729957647058,0
50.8609784023255,5.70984595348837,0
50.8379089214285,5.66167945,0
50.8617252705882,5.70975574705882,0
50.8379667142857,5.66262502142857,0
50.8659361733333,5.70841783333333,0
50.8378138499999,5.66283209999999,0
50.8672322,5.7059520625,1
50.8417260256227,5.67041628398576,0
50.8433300619632,5.67776516319018,7
50.8346796592592,5.65246368148148,1
50.8628113875,5.71081004999999,0
50.8376240633333,5.65968020666666,0
50.8603904083333,5.70846942083333,0
50.8580924695652,5.67455666086956,0
50.860341325,5.70932845999999,0
50.8579397958333,5.67402907499999,0
50.8604051347826,5.70875263043478,0
50.8728989565217,5.72460147391304,0
50.8570170857142,5.67404645714285,1
50.8607795081081,5.70883145405405,0
50.8578918142857,5.67490082380952,0
50.8604123310344,5.71047088620689,0
50.8595090818181,5.67263109090909,0
50.8574297647058,5.67320934705882,0
50.8615774181818,5.71080036363636,0
50.8586499625,5.672718675,0
50.8649346743902,5.71321437804878,0
50.8659992898305,5.71514231694915,0
50.8618092208333,5.7114582875,0
50.8579015206896,5.67345888965517,0
50.8635075656249,5.71270364687499,0
50.85651475,5.672982825,1
50.86417927,5.700078145,0
50.8571998392857,5.67265237142857,0
50.8546653649999,5.675863355,0
50.8557233349999,5.67545007,0
50.8549881565217,5.67504420869565,0
50.855065165,5.67568057,0
50.83850241,5.66397247,1
50.837442585,5.665249505,0
50.8480155023809,5.71898913809523,0
50.8391105666666,5.66424769999999,0
50.839463344186,5.66491626279069,0
50.8394804545454,5.66518482272727,0
50.8456444857142,5.7244016,0
50.8372934304347,5.66543919130434,0
50.8456479058823,5.7244086,0
50.84564627,5.724405285,0
50.8399016611111,5.66628807222222,0
50.8398643861111,5.66621715833333,0
50.8435865333333,5.72770526666666,31
50.8439267055555,5.72478166666666,11
50.8445007844827,5.72816671896551,13
50.8456233947368,5.72915950526315,0
50.840142737037,5.66674912222222,0
50.8401473625,5.66675278437499,0
50.8436628774648,5.72907664225352,19
50.8356326056338,5.65828167464788,0
50.8449619277777,5.72867880555555,4
50.83563807,5.66043731999999,0
50.8449583277777,5.72914812777777,0
50.8456221166666,5.72863893888888,3
50.8433197206896,5.70197003103448,2
50.8455486678571,5.70143737499999,8
50.8458437976562,5.70232851171874,4
50.8443862033333,5.70117271333333,1
50.844874126415,5.7015279735849,1
50.8440184649122,5.7017352245614,1
50.8499723947368,5.65273949473684,0
50.8443232492424,5.70068925227272,0
50.8540361571428,5.65412403571428,0
50.8522259916666,5.65300440833333,0
50.8521945416666,5.65588515416666,0
50.8525202083333,5.653975175,0
50.8521912842105,5.65390918421052,0
50.8520276958333,5.65686228749999,0
50.8515134444444,5.65363225555555,0
50.8511692555555,5.65360726666666,0
50.8518772952381,5.65362831904761,0
50.8509638416666,5.654489375,0
50.8521272666666,5.65465876666666,0
50.8508201055555,5.65362355,0
50.8522343153846,5.65519961538461,0
50.8464990153845,5.70006734444444,19
50.8447531701612,5.70425811290322,0
50.8456659615384,5.7028272051282,1
50.8457842978022,5.70433475494505,0
50.8464620825,5.703785415,0
50.8452015818897,5.70398562204724,0
50.8462513916666,5.70540868888888,3
50.8433507345323,5.70348142158273,1
50.8461344631579,5.7040230618421,0
50.8458717999999,5.70639505217391,4
50.84640199375,5.70433155,0
50.8441275582417,5.70367099230769,0
50.846706,5.70418496875,0
50.8470734777777,5.70403228148148,0
50.8214163266666,5.70924736,0
50.82339377,5.70968236,1
50.8209228291666,5.70823210416666,0
50.8224124888888,5.71079415277777,0
50.822639305,5.71066971,0
50.8505089263158,5.65380303157894,0
50.8505419416666,5.65691733333333,0
50.8500401904761,5.65329298095238,0
50.8502987599999,5.6550806,0
50.8498109318181,5.65524370454545,0
50.8495007461538,5.65337838076923,0
50.8498149687499,5.654263859375,0
50.8252744697,5.67497015413127,0
50.8494483333333,5.6552078,0
50.84917531,5.65444355499999,0
50.83465366,5.67479838,0
50.8500728124999,5.65613744687499,0
50.8285785199999,5.67280502,1
50.8501398839999,5.657755668,1
50.8272819,5.690952,1
50.8372684416666,5.68594240833333,0
50.849433868421,5.6563498368421,0
50.850011472,5.657167032,1
50.8189678619047,5.69389399523809,0
50.8513379826087,5.6571997173913,0
50.8300577111111,5.69386730555555,0
50.8530285448275,5.65811181724138,0
50.8512679266666,5.65939117999999,0
50.8507430368421,5.6588639,1
50.8499528,5.65838306,1
50.8527204625,5.65886037,1
50.8258515538461,5.70478713076923,0
50.8229203421052,5.70477662631578,0
50.82433276,5.70478199333333,0
50.8456380259259,5.70700229999999,5
50.8246757,5.70710272222222,0
50.8216726596774,5.70629623873627,0
50.8241224555555,5.70572565,0
50.8236706833333,5.706109525,0
50.8449649911764,5.70695999558823,3
50.8238857749999,5.70675826249999,0
50.8456425925925,5.70700388888888,5
50.8233917678571,5.70551904285714,0
50.8451292324324,5.70605193783783,1
50.8447762652173,5.70589719565217,1
50.8247842846153,5.70671696923076,0
50.8447796899999,5.705902445,1
50.8450014199999,5.70513156,1
50.8242873789473,5.70741864210526,0
50.8446981588235,5.70638454117647,0
50.82507951,5.70778291,0
50.8242979666666,5.7086612,1
50.8244652461538,5.70560909230769,0
50.8252385865384,5.70678043846153,0
50.8230740090909,5.70740316363636,1
50.8230435172413,5.70609833793103,1
50.8240139414285,5.70822548428571,1
50.823590495238,5.70789619047619,0
50.8224606785714,5.71047507142857,0
50.82319995,5.71102965,0
50.8487872842105,5.65425351578947,0
50.8233212666666,5.710336,1
50.8231030999999,5.71036444,0
50.8476723333333,5.65390113333333,0
50.8430246285714,5.70460871428571,0
50.8236155999999,5.70815331190476,0
50.849319944,5.658009916,2
50.84386754375,5.7074338,0
50.8230616,5.709706825,0
50.8461878421686,5.7055827939759,3
50.8239801384615,5.70865494358974,1
50.8454395555555,5.65435121666666,1
50.8449974108108,5.70575176756756,1
50.8457344666666,5.65405822222222,1
50.8466191301886,5.70587752641509,3
50.8250237384615,5.7094418,0
50.8469875045454,5.65375284545454,0
50.843706045,5.70490616,0
50.8450424214285,5.65474258571428,1
50.8257584333333,5.7091894,2
50.8460355260869,5.65434800869565,0
50.8481519114285,5.69749911714285,30
50.843443436,5.657256724,0
50.8251794647058,5.70944557352941,0
50.8464803675,5.6533807975,3
50.8252690187499,5.7102280125,0
50.8475181714285,5.69814715714285,25
50.8245933666666,5.71042435555555,1
50.8447244357142,5.65648216785714,1
50.8241740736842,5.71044252631578,1
50.845192225,5.655392825,0
50.8239313916666,5.71085970833333,1
50.825294922,5.70999983999999,0
50.84618695,5.65477041111111,0
50.84682798,5.65517952,0
50.8249085571428,5.71153930714285,0
50.8472085041666,5.65541568333333,0
50.8247168875,5.71126325,0
50.8465353222222,5.65542922222222,0
50.8467080875,5.65797218749999,0
50.827604573913,5.70738954347826,0
50.8482383481481,5.66244657777777,0
50.8295965349999,5.706820995,0
50.8257654210526,5.70798013157894,0
50.848093295,5.66082318999999,0
50.8291565882352,5.70731504117647,0
50.8461003903225,5.6571770032258,1
50.8307944866666,5.70680714666666,1
50.827477195238,5.70782029047619,0
50.8462540588235,5.65677850588235,0
50.8520607111111,5.70277565555555,9
50.84431368,5.70556447333333,0
50.8522650882353,5.70275595294117,2
50.844221,5.706400125,0
50.8423844608695,5.70503494782608,0
50.8431936399999,5.70519451,0
50.8425911290322,5.70689888064516,0
50.843737775,5.70634125833333,0
50.8433775937499,5.7065347875,0
50.8425393125,5.7058265125,0
50.8422423166666,5.70697815,0
50.8431793722222,5.70743719999999,0
50.8431397076923,5.70788494999999,0
50.8428690529411,5.70722207058823,0
50.8424790375,5.70856963333333,4
50.8433555210526,5.70825349473684,0
50.84439469375,5.70746004374999,1
50.8442639636363,5.70795792727272,0
50.8465341588235,5.7066212117647,5
50.859755625,5.66722733653846,1
50.8605117743589,5.66960104615384,16
50.8609575333333,5.66627742222222,0
50.8602922399999,5.66875820399999,11
50.8596702610389,5.66931567272727,8
50.8607219962962,5.67047171851852,16
50.8593185565217,5.66753223043478,1
50.8602746782608,5.67098916956521,13
50.8581951380952,5.66406739047619,0
50.8557228636363,5.66192171818181,0
50.8571348999999,5.66448333333333,0
50.841852545,5.71323578499999,3
50.8563529037037,5.66237191111111,0
50.85667844,5.6630421290909,0
50.8564018,5.66348021111111,0
50.843855345098,5.70919216078431,0
50.8428556090909,5.71176498636363,2
50.8435626928571,5.71042249999999,1
50.843561384,5.708825232,0
50.8570012304347,5.66159212608695,0
50.8442831574468,5.70915301914893,0
50.8448130142857,5.70802523571428,2
50.8428318227272,5.70932724090909,1
50.8601156473684,5.66352637368421,0
50.8432199181818,5.70975697272727,0
50.8566880041666,5.66188031666666,0
50.8434402428571,5.7100246,0
50.8572567833333,5.66244062222222,0
50.8424268789473,5.71082193157894,4
50.8594385166666,5.66309280833333,0
50.8591343136363,5.66338184090909,0
50.8597131571428,5.66280222142857,0
50.8429047611111,5.71069892777777,2
50.8599555642857,5.66261081428571,0
50.8605946894736,5.66197458421052,0
50.841732990625,5.7111167,5
50.8422698799999,5.71108628499999,4
50.8601403937499,5.6623861125,0
50.842065835,5.712125985,6
50.8414087166666,5.71241438888889,7
50.85884685,5.66166586071428,1
50.8421598444444,5.70568034444444,0
50.8603788722222,5.66217203333333,0
50.8413042666666,5.71142602777777,5
50.8584412833333,5.66252552083333,0
50.8416585333333,5.712518525,7
50.8597604958333,5.66081089583333,1
50.8599539424242,5.65993967575757,1
50.8591562344827,5.66126670689655,1
50.8602183041666,5.6609573125,1
50.8420758931818,5.70866344545454,5
50.858670525,5.662992275,0
50.8593341166666,5.6621525875,0
50.8410615185714,5.70976974142857,3
50.8402974846153,5.69740314615384,1
50.8406777266666,5.69776623333333,0
50.8417658333333,5.70696206111111,0
50.8399946043478,5.69718960434782,1
50.8411109727272,5.70853454545454,3
50.8366352555555,5.69537564444444,0
50.8594406055555,5.65945008888889,1
50.8413271166666,5.70548675714285,1
50.8360276897058,5.69551696296129,0
50.8413768947368,5.70662640526315,1
50.8579916318181,5.66129073181818,0
50.8574160608695,5.66094820434782,0
50.8391043105263,5.69606862631579,0
50.8587506649999,5.66026171,1
50.8583067090909,5.65972361818181,0
50.8350823719999,5.68056294427001,0
50.8413909851851,5.69751702962962,3
50.8585236439999,5.660036296,0
50.8406912959999,5.708116152,1
50.840989672,5.71228309199999,1
50.838633940625,5.6857513375,2
50.85818901875,5.6581631125,0
50.8318924,5.67868839047619,0
50.8589317736842,5.65883136315789,0
50.837945535,5.683589575,2
50.8580144956521,5.65954365217391,0
50.8419715449999,5.70555276499999,0
50.8578139130434,5.65929286521739,0
50.83395892,5.680309788,0
50.8608618928571,5.66167650714285,0
50.8348467115384,5.68105101538461,0
50.8574232933333,5.65815917777777,0
50.8588221913043,5.65808251304347,0
50.8329578565217,5.67955903913043,0
50.8567217290322,5.660255,0
50.85763719375,5.658798575,0
50.8369310285714,5.68304903809523,7
50.8384199791666,5.68572146666666,2
50.857038318421,5.65931326315789,0
50.8571431928571,5.66028769285714,0
50.8551592817307,5.72090844230769,0
50.8570954104166,5.72178491398408,0
50.8564320999999,5.7244638076923,3
50.839423856,5.694008136,1
50.8389002857142,5.69302524285714,1
50.836290284,5.693847688,0
50.8382039944444,5.69422826666666,2
50.8386157210526,5.69255589999999,0
50.839506025,5.691756075,4
50.8703937333333,5.73691763333333,0
50.86974475,5.73626188333333,0
50.83863622,5.69035525333333,0
50.8383599076923,5.69045719230769,1
50.8395660809523,5.68824443809523,2
50.86895325,5.737534925,0
50.8683788558823,5.73595485882352,0
50.8390167521739,5.68933176956521,1
50.83904111,5.68966085999999,0
50.8691692083333,5.73638666666666,0
50.8393690677419,5.68816492258064,3
50.8397001666666,5.69043159047619,5
50.8399557220588,5.69092172058823,6
50.8668365294117,5.73365823529411,0
50.840068185,5.688894535,3
50.86676919375,5.7342992125,0
50.8701366741935,5.73354998064516,0
50.8396739803278,5.69278566393442,2
50.8632402830769,5.73149613692307,6
50.8400672999999,5.68856836666666,3
50.8657809357142,5.73441201428571,0
50.864911855102,5.73302017346938,1
50.8408104153846,5.6888024,4
50.8411766529411,5.68844748235294,3
50.8402977692307,5.69128376153846,6
50.8671892642857,5.73312060714285,0
50.8404299888888,5.68825077777777,3
50.8667933692307,5.73278411538461,0
50.8406644157894,5.69037096842105,4
50.8652874409091,5.73261462727272,0
50.8409309857142,5.68958957142857,0
50.8628192392857,5.73273686607142,4
50.8410758294117,5.69057213529411,1
50.8689470090909,5.7330620590909,0
50.8627499225806,5.73218493870967,4
50.8405096199999,5.69312373,0
50.84027704,5.68972677999999,4
50.8398003214285,5.69573610714285,1
50.85730948,5.7299394,3
50.8412048428571,5.69420187857142,0
50.8402006461538,5.69552266923076,1
50.8411624999999,5.69321899166666,0
50.8417125785714,5.69456494999999,0
50.8611918166666,5.73126785,0
50.8271354904761,5.69585779523809,0
50.8408534562499,5.69480218125,0
50.83459885,5.69388701428571,0
50.8291713210526,5.69561846842105,1
50.86124768,5.73086859333333,0
50.83096826,5.694927995,0
50.8606196222222,5.73043507777777,0
50.8386374894736,5.69493341403508,1
50.84104471875,5.69562588749999,4
50.85951442,5.72603904,0
50.8365686,5.69431073913043,0
50.8585127423076,5.72976778461538,0
50.8592415288461,5.72849632884615,0
50.8420571096774,5.69290248709677,0
50.8611279944444,5.72790718888888,0
50.8614404357142,5.72677258571428,0
50.8415618833333,5.69574611666666,3
50.8601478,5.7304838,0
50.8415785352941,5.68936185294117,0
50.8610294,5.72872160833333,0
50.8650421468749,5.73164945625,0
50.8677001263157,5.73159236315789,0
50.86645302,5.73144526,0
50.8687137461538,5.73234101794871,0
50.8663708764705,5.73197512941176,0
50.8673407947368,5.73015168947368,0
50.8666401249999,5.73007181666666,0
50.8672274625,5.732484375,0
50.8669982285714,5.72928215714286,0
50.8667211866666,5.7290075,0
50.8669058166666,5.73010420833333,0
50.8661156421052,5.72948895263157,1
50.8649827526315,5.73019099473684,1
50.8663400333333,5.7293885047619,0
50.8657320611111,5.72958104444444,1
50.8655451666666,5.73036601666666,1
50.8656855105263,5.72797976842105,0
50.8641793190476,5.72869133333333,0
50.8651718444444,5.72861000555555,1
50.8624737272727,5.72985534999999,0
50.8632549380952,5.73022607619047,2
50.8628716222222,5.73029774444444,0
50.8623307730769,5.72935684230769,0
50.8625152,5.73148439999999,0
50.8672851249999,5.73099064999999,0
50.8645681166666,5.73111829999999,3
50.8652291565217,5.73071725217391,1
50.8626247470588,5.73082104117647,0
50.8640857227272,5.73100466363636,4
50.868361517647,5.73084557647058,0
50.8671594599999,5.72859219333333,0
50.8636483428571,5.73005712857142,2
50.863015175862,5.7282497275862,0
50.8619692278688,5.72785599344262,0
50.8652329181818,5.72771121818181,0
50.8614459275862,5.73468359999999,0
50.8615988578947,5.73709685789473,0
50.8610647214285,5.73178460714285,0
50.8585991043478,5.73146918695652,0
50.861799225,5.73771533499999,0
50.8616669714285,5.73489334642857,0
50.8604216227272,5.72654836363636,0
50.8625093698412,5.72741323809524,0
50.8601459697674,5.72839580930232,0
50.8584722666666,5.72686056296296,0
50.8596258535714,5.73099702857142,0
50.8573185714285,5.73102033571428,1
50.8580837857142,5.73000998571428,0
50.8350722866666,5.70458191333333,0
50.8343423444444,5.70672072222222,1
50.8480368285714,5.66665724107142,0
50.8468765642857,5.66638448571428,0
50.8348588714285,5.7038384047619,0
50.8342637142857,5.70501389285714,1
50.8477108303571,5.6644778375,0
50.8459997529411,5.66786937647058,0
50.8343722941176,5.70365744117647,0
50.8466968923077,5.66754736923076,1
50.8334819642857,5.70383815714285,0
50.8480228195652,5.66522474130435,0
50.8343340735294,5.70563905588235,1
50.83376971,5.70528988999999,1
50.8343189241379,5.70571276551724,1
50.8473577151515,5.66587199545454,0
50.8334852499999,5.70681481111111,0
50.8336670277777,5.70690305,0
50.8337600285714,5.7064803095238,1
50.8454318214285,5.65876269285714,9
50.8328214928571,5.70637519999999,0
50.8476056490196,5.66960180588235,4
50.8328907076923,5.70668944615384,0
50.84680842,5.66490585571692,0
50.8328835187499,5.70804975,0
50.8457239851851,5.65945847777777,9
50.83283645,5.70947011666666,1
50.8336916199999,5.703320344,0
50.8365198103093,5.70716606082474,2
50.8362969261538,5.70762608153845,2
50.83572134375,5.7079838125,0
50.8360220521739,5.71015612173913,0
50.8365595274193,5.70913287741935,1
50.835704873913,5.70559531304347,0
50.8365951960784,5.70464057647058,0
50.8365966224137,5.70465095517241,0
50.8361150779999,5.70862898999999,0
50.8363505097222,5.7060390125,0
50.8361114461538,5.70568404230769,0
50.8493470533333,5.66485341,0
50.8497654833333,5.6647049,1
50.850930065,5.665117445,9
50.84962045,5.66490873333333,1
50.8523226111111,5.66027083333333,1
50.8498482444444,5.66633603333333,11
50.8498756347826,5.66684853043478,13
50.8495395714285,5.66522912,0
50.8497576712121,5.6667015082272,11
50.8499067571428,5.66841237142857,2
50.8500565499999,5.66868683571428,3
50.8489324692307,5.66555115384615,0
50.8301066962263,5.70799949245283,0
50.8457407916666,5.65718723333333,2
50.8279349516128,5.70832632258064,1
50.8454033428571,5.65630906428571,0
50.8473584,5.65773942857142,1
50.84686634,5.65861983,0
50.8176971138889,5.71851179133031,0
50.8461477083333,5.6583232125,8
50.826783962037,5.7100263020835,3
50.8468140545454,5.65736675454545,0
50.8253668583333,5.71565285,1
50.847182575,5.65645542499999,0
50.8666146599999,5.7533842,0
50.8630038,5.740227725,0
50.8177937826923,5.71914617454447,0
50.8478030053571,5.65686149107143,1
50.8474923133333,5.66033515333333,0
50.8482913772727,5.66037544090909,0
50.84911770625,5.697610415625,36
50.8251200124999,5.708567625,0
50.8473880538461,5.65998155384615,0
50.8605590628571,5.73854328571428,0
50.8224381454545,5.71793223819642,0
50.8472654406249,5.69869918125,20
50.8475900363636,5.69801509090909,26
50.8474629444444,5.66109192222222,0
50.8487835777777,5.69784671111111,40
50.8489924444444,5.69878234444444,51
50.84789546,5.66144846,0
50.8500608482758,5.69754359999999,17
50.8457521076923,5.66329458846153,0
50.8468936062499,5.66219354375,0
50.8498165999999,5.697917025,24
50.8454023888888,5.66453791111111,0
50.8489001529411,5.69813922156862,44
50.8499972235294,5.69836214411764,29
50.8469947391304,5.66266466086956,0
50.8503679449999,5.69795931,10
50.8463736583333,5.66348203333333,0
50.8480979904762,5.69811449999999,35
50.8452365125,5.66527921666666,0
50.8488710499999,5.69840638399999,50
50.8456773375,5.66488461666666,0
50.844902825,5.66529004999999,0
50.8480161847457,5.69840656101694,39
50.8472739363636,5.66316198484848,0
50.8496258368421,5.70012266315789,38
50.8493712468085,5.69864612340425,45
50.8462002958333,5.66431632916666,0
50.8499813085106,5.69861072553191,29
50.8471920791666,5.66346019583333,0
50.8495617222222,5.69839912777777,39
50.8459985296296,5.6623990074074,0
50.8463370670731,5.66116143658536,0
50.8493823843137,5.70036835882353,42
50.8467547999999,5.66314101666666,0
50.8456792999999,5.661386625,0
50.8453988818181,5.66218572727272,0
50.8443867708333,5.6623733375,0
50.8453839625,5.66165270624999,0
50.8315013625,5.7083502125,0
50.8309505875,5.70956310624999,0
50.8311635499999,5.70896985,0
50.83151155,5.70793232857142,2
50.8289751294117,5.70855427058823,0
50.83061739,5.708049255,0
50.82982602,5.70904998,0
50.829350147619,5.7091426,0
50.8303004533333,5.70892513333333,0
50.847257285,5.702290965,3
50.8287537666666,5.70917635333333,1
50.829111825,5.70988786666666,0
50.8287459153846,5.7098272076923,1
50.8283997125,5.70984225416666,1
50.8290952374999,5.710863375,0
50.82895946,5.7106198,0
50.8309292399999,5.70892157636363,0
50.8481975918919,5.69928134594594,30
50.8306527310344,5.70886423103448,0
50.8297214749999,5.71018023333333,0
50.8480631396039,5.70031463316831,5
50.8496151045454,5.69958623636363,32
50.849365153125,5.69925248124999,35
50.8478051772727,5.69963728636363,14
50.84530015625,5.66313535,0
50.8449425333333,5.663485,0
50.8473242760869,5.69930455360786,20
50.8450232937499,5.6629830875,0
50.8474870736842,5.69960692105263,15
50.847381890566,5.70116619056603,4
50.844477525,5.6640848,0
50.8467796565789,5.70155322105262,11
50.8445236882352,5.65963692352941,0
50.8474610135802,5.7046178345679,1
50.8446849611111,5.66396982777777,0
50.8471639558823,5.70097802647058,10
50.8447647842105,5.66156667368421,0
50.8569793714285,5.73660831428571,0
50.8489989488372,5.7013167868217,28
50.8570855555555,5.73552756666666,0
50.8434343647058,5.65785005882353,0
50.8480046728571,5.70166963993169,2
50.85004013,5.70036317999999,34
50.85691092,5.73767907999999,0
50.8384483666666,5.67914988333333,1
50.8439220791666,5.661319825,0
50.8485519571428,5.70370529999999,3
50.8430426695651,5.66072542717391,1
50.8503470945945,5.7028156027027,12
50.8586116529411,5.73638999117647,0
50.8449909666666,5.659947075,5
50.847778417647,5.70402097647058,1
50.8575519081081,5.73667118918919,0
50.8439757875,5.6605439,0
50.8585524204545,5.73756555681818,0
50.8375059571428,5.68141463571428,2
50.8441851555555,5.65883077037037,0
50.8507077931034,5.70312054827586,8
50.8595486580645,5.73725855806451,0
50.8395373583333,5.6807606,0
50.8430856928571,5.65853722857142,0
50.86069894,5.73814244424688,0
50.8440105171428,5.65973793142857,0
50.8482023971428,5.70425855714285,4
50.8586120666666,5.73558375238095,0
50.8498030111111,5.70301842222222,17
50.8423899851852,5.65839458518518,0
50.84457215,5.6559559,0
50.839201925,5.68132474374999,0
50.8601701333333,5.7364763095238,0
50.8178437499999,5.71791668326935,0
50.8392526571428,5.68179502857142,0
50.8430967466666,5.65912136333333,0
50.8605404274193,5.73652541129032,0
50.8487876038461,5.70355799615384,7
50.8485023999999,5.70027219999999,3
50.8486644222222,5.70025702222222,11
50.8158155722222,5.71800555408332,0
50.8161749166666,5.71789882337981,0
50.8397743714285,5.68217180714285,0
50.83885456,5.6839569,0
50.848346790625,5.705233753125,6
50.8607171258064,5.73333942258064,0
50.8486611259259,5.70417364074074,6
50.83881248,5.6835798,0
50.8408307875,5.6829623625,1
50.8498257838709,5.70384923225806,19
50.859654290909,5.73247016363636,0
50.8403134333333,5.68296957777777,0
50.8585707015624,5.7338159890625,0
50.8497259702702,5.70189991081081,34
50.83984085,5.68260295,0
50.848480789855,5.70215864057971,0
50.8394700923076,5.68379661538461,0
50.8506546672413,5.70079224137931,2
50.8494365890909,5.70245829090909,27
50.8398780090909,5.68341265454545,0
50.8494991214285,5.70405376071428,20
50.8385784818181,5.68240361818181,1
50.848381,5.70286646923077,0
50.8580426162162,5.73328421351351,0
50.8392926615384,5.68473219230769,0
50.8501074492753,5.70199366666666,25
50.8574821222222,5.73324696388888,0
50.8396439499999,5.68409535,0
50.8477211307692,5.7031800076923,1
50.8591395645161,5.73337215483871,0
50.8400469620689,5.68426975172413,0
50.8583837617021,5.73308271063829,0
50.8390311789473,5.68481347368421,0
50.8513523571428,5.70380386190476,8
50.8528306499999,5.70298536363636,0
50.8381818791666,5.68302216458333,3
50.8517315355555,5.69948393555555,0
50.840859316279,5.6841703116279,1
50.8395572449999,5.686317075,2
50.8391635153846,5.68636593076923,4
50.8536579999999,5.7024637,0
50.8401939380952,5.68531909523809,0
50.8511186928571,5.69928058571428,1
50.8510178470588,5.69891039411764,2
50.84039970625,5.685458075,0
50.85057285625,5.70019790625,4
50.85111269,5.70233866,7
50.8514175571428,5.7024408,10
50.8424373833333,5.65718160833333,0
50.8522098545454,5.70123801818181,1
50.8519077999999,5.70210947741935,6
50.8518267163461,5.70115999230769,2
50.8442154666666,5.65546016666666,0
50.8520962333333,5.69992417777777,0
50.8431041571428,5.65649471428571,0
50.8435699375,5.6560417,0
50.85200375,5.70065154545454,1
50.853089996,5.699477164,0
50.8427637133333,5.65727790666666,0
50.8529050434782,5.70073656086956,0
50.8439556533333,5.65623854,0
50.8534753571428,5.70059361428571,0
50.8546093312499,5.69926116875,0
50.853241575,5.69893558125,0
50.8504953534482,5.69962724999999,4
50.8585965555555,5.70032307777777,2
50.8565531087209,5.69944087549975,3
50.8522183272727,5.69861856363636,2
50.8398471307692,5.68685751538461,1
50.8399725333333,5.68634263333333,0
50.8397860688888,5.68757173777777,3
50.839237375,5.68704095,5
50.83983725,5.687301875,3
50.8375095666666,5.69002011666666,2
50.8369470473684,5.69001507368421,1
50.8384417149999,5.687861755,3
50.8363025909091,5.68940246363636,0
50.8656913333333,5.738518975,0
50.83733957,5.68813008,0
50.8637770272727,5.73634566363636,0
50.8386220571428,5.68796521904761,3
50.8640107571428,5.73548652857142,0
50.8369336,5.6883443,0
50.8365175299999,5.68963628999999,0
50.8674105416666,5.73882455833333,0
50.8376268571428,5.68826475,0
50.8670900391752,5.73776166185567,0
50.8629685055555,5.73551193333333,0
50.8363269058823,5.68855637058823,0
50.8641733499999,5.7361182,0
50.86266324,5.73556044,0
50.8356020333333,5.68942925555555,0
50.836827876923,5.68772536153846,0
50.8634250166666,5.73536636666666,0
50.83583652,5.68906544,0
50.865541475,5.736645895,0
50.862728652,5.73405998799999,1
50.8625786111111,5.73347432222222,2
50.8629726586207,5.73635265172413,0
50.8625669857142,5.73738109795918,0
50.8625626828571,5.73592090857142,0
50.86414115,5.73444547142857,0
50.8639932399999,5.73742302285714,0
50.8637045863636,5.73433746363636,0
50.8645056333333,5.73412893333333,0
50.8648507357142,5.73632620714285,0
50.8643351642857,5.7336573,1
50.8659148555555,5.73503506111111,0
50.8645662133333,5.73581426666666,0
50.86512815,5.735059675,0
50.86573438,5.73492747,0
50.8656757071428,5.73595165714285,0
50.865861525,5.7354488875,0
50.8665636153846,5.73710912692307,0
50.8660652181818,5.73559093636363,0
50.86728044,5.736579712,0
50.8352764799999,5.69125774,0
50.8372232866666,5.69279470666666,0
50.8355999846153,5.69299692307692,0
50.8374236839999,5.692905208,0
50.8390883368421,5.6908822368421,1
50.8370039571428,5.69276002,0
50.8368245588235,5.69209482352941,1
50.8392452904762,5.69106352380952,6
50.83824046875,5.691651425,1
50.8387407354838,5.69456400967741,1
50.8351982652173,5.69350414347825,0
50.8380831052631,5.6929272,0
50.8378799238095,5.69290061904762,0
50.8394304677419,5.69368409032258,1
50.8368700399999,5.69377443499999,0
50.85247975625,5.71750333125,0
50.8542999714285,5.71570067857142,0
50.8536899649999,5.71654455,0
50.8529201636363,5.71614079090909,0
50.8531238192307,5.71544805961538,1
50.8520302947368,5.71680431578947,0
50.8523780846153,5.71678916923076,0
50.8537563294117,5.71535057058823,0
50.851897316129,5.71565569354838,0
50.8524779033333,5.71620972333333,0
50.8535913785714,5.71574908571428,0
50.84852132,5.682103036,6
50.8488308773584,5.68157167735848,3
50.839264805,5.66057192,0
50.8491981776119,5.68219445373134,5
50.8511318999999,5.67988249629629,2
50.8376633833333,5.65680043333333,0
50.850237572,5.679649552,3
50.8396668697674,5.6599016744186,0
50.850069624074,5.6783929537037,2
50.8402573454545,5.65897485454545,0
50.8528509192307,5.68240517692307,3
50.8540966460317,5.68417979206349,2
50.8387394375,5.65958118333333,0
50.8378611,5.65754059583333,0
50.8519879304347,5.68115548695652,0
50.8383382249999,5.65853333214285,0
50.83898285,5.6591951875,0
50.8498337397435,5.68143279615384,3
50.8393175,5.65850399166666,0
50.8506704226666,5.68359556933333,0
50.84964780625,5.6792509375,8
50.8385675545454,5.65813346363636,0
50.8497191358024,5.68482145061728,16
50.84942365,5.6797116207317,8
50.8394421687499,5.65802971874999,0
50.8496945349206,5.68266954285714,5
50.8388717363636,5.65811104545454,0
50.8399109875,5.65845393749999,0
50.8495502733333,5.68527700666666,22
50.8407438888888,5.65637491666666,0
50.8495307030612,5.68253467448979,6
50.840326716,5.658100648,0
50.849527690625,5.684172759375,17
50.8402855260869,5.65651649130434,0
50.8410153928571,5.65776489285714,0
50.8406053056603,5.65716436603773,0
50.8490689999999,5.68433617083333,18
50.8488959774999,5.683491045,12
50.8481233263157,5.68064454736842,7
50.83965460625,5.65529025625,0
50.8492472941176,5.68483495882352,21
50.848057434375,5.68122446875,10
50.8389551285714,5.65538297142857,0
50.8489502081632,5.6805142510204,6
50.83883865,5.65568740714285,0
50.8490330806451,5.67996982258064,6
50.8387111818181,5.65609582727272,0
50.83905658125,5.65494627499999,0
50.848974325,5.67936520624999,7
50.83948725,5.65400022142857,0
50.8481666657894,5.6797508368421,5
50.83917239375,5.6546464375,0
50.8474885966666,5.68017679666666,10
50.8479843689655,5.68289568275862,8
50.8386874888888,5.65437546111111,0
50.8479373687499,5.680202475,7
50.8487491647058,5.67974833529411,6
50.8393709857142,5.65430192857142,0
50.8493221305555,5.67836876388888,7
50.8395693324324,5.65133873108108,8
50.84026535,5.65274168888888,0
50.8385949571428,5.65354388928571,1
50.8475005638888,5.6814833611111,12
50.8381436571428,5.65474668214285,0
50.8485667833333,5.67858114666666,5
50.8381440461538,5.6536046076923,0
50.8463578083333,5.68100995,1
50.8462052885416,5.680506415625,1
50.8478135666666,5.67917983703703,3
50.8401523555555,5.65303717777777,0
50.8469327495145,5.68130866019417,8
50.8408163142857,5.65343208571428,0
50.8456860482758,5.68366538965517,0
50.84647435,5.68272496190476,1
50.8273422518518,5.72860070046444,3
50.8465808142857,5.68379967142857,0
50.8256207,5.73442435,0
50.8313989833333,5.72830647666666,3
50.84652832,5.693338772,45
50.8468705051724,5.69353415517241,51
50.8457832210526,5.68899208157894,7
50.8459043283333,5.68304943499999,1
50.8465053487179,5.68522867179487,2
50.8448061033333,5.68253137,8
50.8398526076923,5.6533250076923,0
50.8445808888888,5.68198583333333,10
50.8442363857142,5.68290764285714,12
50.8390761324324,5.65248659459459,4
50.8456353547618,5.68505991666666,3
50.8411886618421,5.65711205478845,0
50.8466539936508,5.68440601587301,0
50.8413994320754,5.65675600943396,0
50.8453556766666,5.68406196999999,2
50.8393848526315,5.6533699368421,1
50.8456842333333,5.68578831666666,11
50.8462352749999,5.68679992083333,15
50.8419193277777,5.65581310555555,0
50.8429879310344,5.65556419310344,0
50.8462193020408,5.68626286122448,12
50.8429528787878,5.65518518484848,0
50.8423012833333,5.65508855,0
50.8469034392857,5.68756858420844,16
50.8420578681818,5.65529283636363,0
50.84713205,5.68665841538461,12
50.8461652333333,5.68759298333333,16
50.8415719492063,5.65580306349206,0
50.8494455121951,5.68769387047772,30
50.8484062924999,5.68850323499999,34
50.8425123875,5.65411257916666,0
50.8478133708333,5.688269875,21
50.842869275862,5.65474124482758,0
50.8427457576923,5.65438285,0
50.8478955034482,5.68942643448275,17
50.8419312607143,5.65381653928571,0
50.842002225,5.652941675,0
50.84932405,5.68933766666666,95
50.84239486,5.65373254999999,0
50.8478674071428,5.68914695714285,21
50.8404300444444,5.65230632222222,0
50.84049965,5.65196275,1
50.8413286249999,5.65275895,0
50.8477696849999,5.68996541,12
50.8472348695652,5.68921983188405,5
50.8462120138888,5.68502689722222,2
50.8426693090909,5.65305676213341,1
50.84628446,5.68906512,7
50.8472147404761,5.68949562619047,4
50.8409953098039,5.65191659411764,0
50.84671355,5.68921243333333,5
50.8406334125,5.6504921125,1
50.846853668,5.689326856,4
50.8400417405405,5.64998157027027,8
50.8453993333333,5.68721366666666,20
50.8413004555555,5.65113262777777,0
50.8445510333333,5.68716309999999,17
50.8460187533333,5.68671219333333,17
50.840886404,5.65073502,0
50.8444272272727,5.68903139090909,24
50.8421399359999,5.65194635199999,2
50.8443539166666,5.68974519999999,18
50.8449167124999,5.688175225,21
50.841485268421,5.65130824210526,0
50.8418870916666,5.65170274166666,2
50.8370556939393,5.64636124545454,0
50.8424454,5.68994661428571,0
50.8370263142857,5.64726945714285,0
50.836450965625,5.64744873749999,0
50.837239368,5.65072776799999,0
50.8427873454545,5.69197543636363,0
50.8435760611111,5.69374711666666,7
50.8366525925925,5.64905043703703,0
50.8432256571428,5.69369278571428,4
50.8545948713235,5.69350634101794,17
50.8433498958333,5.69519164166666,16
50.8369902434782,5.64821422608695,0
50.8428505818181,5.69389166363636,1
50.8453073999999,5.69467368888888,14
50.8369102062499,5.6489762125,0
50.8449695857142,5.69316951428571,11
50.8375967608695,5.65062796956521,0
50.837524136,5.649917856,0
50.83743968,5.65021536,0
50.8456793818181,5.69225135,20
50.837372025,5.6476936,0
50.8447528899999,5.691523125,13
50.8384486548387,5.65131845591398,5
50.845489715,5.688187155,17
50.8453690864864,5.68972385135135,10
50.8373330111111,5.64850261851851,0
50.8449802324324,5.69205776216216,11
50.8452579150943,5.69109790566037,16
50.83822205,5.649886405,0
50.8456934076923,5.69148146153846,18
50.8379663259259,5.6479458037037,0
50.8379520789473,5.64903400526315,0
50.8378151066666,5.64974578666666,0
50.8449896226414,5.68963901886792,7
50.8376217555555,5.64733982777777,0
50.846225089,5.689977654,11
50.8388160999999,5.64982565263157,8
50.8467373117647,5.69077415882352,9
50.8459246967741,5.69116535806451,17
50.8383843722222,5.64945184999999,0
50.8384690636363,5.64698227272727,1
50.8465672365853,5.69076360487804,12
50.8384067999999,5.64838836666666,1
50.8382552791666,5.64721513333333,1
50.8467547213114,5.70839291557376,2
50.846637551282,5.70923727948718,2
50.8429552238095,5.7139084,4
50.8452372875,5.7132719,3
50.8458435499999,5.71211489285714,0
50.8460540642857,5.71081593571428,0
50.8501983,5.66895088571428,3
50.8491196461538,5.66720848461538,1
50.8520129125,5.66617349375,0
50.8491081571428,5.66877059285714,2
50.853230425,5.66313251875,0
50.8502489365384,5.66800207307692,17
50.851792255,5.66685315,1
50.8512974433333,5.66735546333333,14
50.8506921578947,5.6598708,0
50.8499892357142,5.65958941785714,1
50.85233762,5.65882073142857,1
50.8520211159999,5.660145944,1
50.8380708633987,5.71570995359477,3
50.85164653,5.66031939,0
50.837519744,5.708237476,4
50.8528455708333,5.65541864166666,0
50.851816296875,5.659245878125,1
50.8531088374999,5.654147425,0
50.852469715,5.66095808,0
50.8368779683673,5.71066155204081,0
50.85271922,5.66050991,0
50.8367225766666,5.71072931999999,0
50.8526528611111,5.6565392,0
50.8524883611111,5.65749871666666,0
50.8371237538461,5.70927676923076,3
50.8554268695652,5.6891104347826,10
50.8364659399999,5.71064692545454,0
50.8567892854166,5.68950240516679,8
50.8535427333333,5.65965372777777,0
50.8528186919999,5.659761464,1
50.8524089954545,5.68408322727272,2
50.8533016958333,5.65774825833333,0
50.85242068,5.68413805999999,2
50.85337195,5.66057895555555,0
50.8525279235294,5.68389562941176,2
50.8532393833333,5.65935453333333,0
50.8535962833333,5.6854995,3
50.8537552933333,5.65541945333333,0
50.853535376923,5.65635083846153,0
50.8525592823529,5.68393777058823,2
50.85358170625,5.65681434375,0
50.8533002636363,5.65507770909091,0
50.8527420636363,5.68666293636363,0
50.8530692058823,5.6562968,0
50.8521741,5.68688042542372,4
50.8531825069767,5.68686658837209,2
50.8538117631578,5.65592836842105,0
50.8532084666666,5.68580551111111,2
50.8532834125,5.68613103749999,2
50.8547042968749,5.6558063875,0
50.8535113714285,5.68656612142857,1
50.8537702,5.65447457777777,0
50.8540406761904,5.65503236190476,0
50.8545785583333,5.69186313333333,10
50.85400770625,5.657921775,0
50.8544704384615,5.65531282307692,0
50.8536120133333,5.68575841333333,3
50.854356559375,5.65686460625,0
50.85442422,5.69215033333333,9
50.8539417823529,5.6569214,0
50.85350115,5.65825682777777,0
50.8552896564417,5.68767852331288,5
50.8543455964285,5.68764911071428,1
50.8546126823529,5.68686122352941,0
50.8548434842105,5.68791226666666,5
50.8547059102803,5.68573781214953,0
50.8259008052631,5.70568996315789,0
50.8325389115384,5.70375451153846,7
50.8304382571428,5.70298139285714,2
50.8258914823529,5.70660805294117,0
50.8259926791666,5.707083125,0
50.8260129958333,5.70606475,0
50.8267317529411,5.70640206470588,0
50.8265470303571,5.70601047499999,0
50.8270180083333,5.70438341666666,0
50.8565415333333,5.70832181904761,0
50.8299591214285,5.70689365,0
50.8294530653846,5.70710708461538,0
50.8577599521739,5.70888212608695,0
50.8575380411764,5.7090292117647,0
50.8306978590909,5.70354436818181,2
50.8569919166666,5.70853143333333,0
50.8583546444444,5.70958736666666,0
50.8302721,5.70589679523809,1
50.8317071493827,5.70470632037037,10
50.8306826046511,5.70411686511627,3
50.8301908862745,5.70521053137255,1
50.8588825,5.70965026666666,0
50.8282850705882,5.70645290882352,0
50.8277525512499,5.7059923,0
50.8577068899999,5.71039304,0
50.8567141777777,5.70995700555555,0
50.85796175,5.71148493333333,0
50.8301416090909,5.70549333181818,1
50.85691334375,5.70897340312499,0
50.8282261392857,5.70474906428571,0
50.8290453916666,5.70463867083333,0
50.8578062166666,5.70989200833333,0
50.8283786863636,5.70458774090909,0
50.8296686117647,5.70438698529411,1
50.8560678285714,5.71227359285714,0
50.854198885,5.711602845,0
50.85542432,5.71159674,0
50.8288155857142,5.70445745714285,0
50.816605056,5.70818759597964,0
50.8283019153846,5.70327503076923,0
50.8302401666666,5.70245689333333,1
50.8476305583333,5.686864475,11
50.8496188499999,5.68587261923077,22
50.84800504,5.68735454,17
50.8504952461538,5.68895652692307,59
50.8497067343283,5.68669103731343,26
50.8503573785714,5.68739338571428,24
50.8508697352272,5.68765746704545,17
50.8510715617021,5.68914616595744,43
50.8542126045454,5.71202910454545,0
50.8503052666666,5.68632781481481,19
50.8507263431818,5.68802791136363,22
50.8548778846153,5.7120835076923,0
50.850185521839,5.68648092183907,28
50.8540996111111,5.71243366111111,1
50.8547022399999,5.71254403999999,0
50.8526979823529,5.68785373411764,3
50.8564635,5.71341064285714,0
50.8509710956521,5.68948937391304,55
50.8547641416666,5.71322398333333,0
50.8554383923076,5.71315036153846,0
50.8523950764705,5.68789914117646,3
50.8564282681818,5.71374517727272,0
50.85253504,5.68969885999999,28
50.85610632,5.71281572,0
50.8516732374999,5.68824055416666,6
50.8530091642857,5.68812000892857,3
50.8554181499999,5.7134072,0
50.8531907678571,5.68879784285714,7
50.851768482,5.689316464,16
50.85561736,5.71213619999999,0
50.8518096710526,5.68905990263157,12
50.8555214437499,5.71272603125,0
50.8550466785714,5.71416332142857,0
50.8538933472222,5.68902064444444,16
50.8558332928571,5.71280725,0
50.85582084,5.71226007999999,0
50.8533886785714,5.68901900714285,18
50.85360085,5.68870048749999,9
50.8549904055555,5.71465442222222,0
50.8558509647058,5.71327453529411,0
50.8540521449275,5.68894656086956,14
50.8541176234782,5.68568202956521,2
50.8513087837209,5.6873814116279,13
50.85385471,5.68512813,3
50.8525213733333,5.68527699333333,4
50.8532951979166,5.68456589791666,3
50.8517501529411,5.68596715,4
50.8532605097561,5.68495059390243,3
50.8517336466019,5.6862575368932,4
50.8519890530612,5.68448005306122,3
50.849992037037,5.6791805037037,4
50.8518597875,5.683187325,1
50.8521953619047,5.68453122857142,4
50.8515709499999,5.6813954125,0
50.8508266774193,5.6802861032258,3
50.8503461588235,5.68004572941176,2
50.8515461661016,5.68190241525424,0
50.8522893173913,5.68248249565217,3
50.8530379166666,5.68360649,3
50.8529318311475,5.68384065081967,4
50.8549798928571,5.71554459285714,0
50.8562718041666,5.71449110416666,1
50.8568042833333,5.71407273333333,0
50.8557164346153,5.7149522,1
