6213CE,6211AL
6213CE,6211AM
6213CE,6211AN
6213CE,6211AP
6213CE,6211AR
6213CE,6211AT
6213CE,6211AV
6213CE,6211AW
6213CE,6211AX
6213CE,6211AZ
6213CE,6211BA
6213CE,6211BB
6213CE,6211BC
6213CE,6211BD
6213CE,6211BE
6213CE,6211BG
6213CE,6211BH
6213CE,6211BJ
6213CE,6211BK
6213CE,6211BL
6213CE,6211BN
6213CE,6211BP
6213CE,6211BS
6213CE,6211BT
6213CE,6211BV
6213CE,6211BW
6213CE,6211BX
6213CE,6211BZ
6213CE,6211CA
6213CE,6211CB
6213CE,6211CC
6213CE,6211CD
6213CE,6211CE
6213CE,6211CH
6213CE,6211CJ
6213CE,6211CK
6213CE,6211CL
6213CE,6211CM
6213CE,6211CP
6213CE,6211CR
6213CE,6211CS
6213CE,6211CW
6213CE,6211DA
6213CE,6211DE
6213CE,6211EA
6213CE,6211EB
6213CE,6211EC
6213CE,6211ED
6213CE,6211EL
6213CE,6211EM
6213CE,6211EN
6213CE,6211EP
6213CE,6211ER
6213CE,6211ES
6213CE,6211ET
6213CE,6211EV
6213CE,6211EX
6213CE,6211EZ
6213CE,6211GA
6213CE,6211GB
6213CE,6211GC
6213CE,6211GD
6213CE,6211GJ
6213CE,6211GK
6213CE,6211GL
6213CE,6211GM
6213CE,6211GN
6213CE,6211GR
6213CE,6211GS
6213CE,6211GT
6213CE,6211GV
6213CE,6211GW
6213CE,6211GX
6213CE,6211GZ
6213CE,6211HA
6213CE,6211HB
6213CE,6211HC
6213CE,6211HD
6213CE,6211HE
6213CE,6211HH
6213CE,6211HK
6213CE,6211HL
6213CE,6211HM
6213CE,6211HN
6213CE,6211HP
6213CE,6211HR
6213CE,6211HT
6213CE,6211HV
6213CE,6211HW
6213CE,6211HX
6213CE,6211HZ
6213CE,6211JA
6213CE,6211JB
6213CE,6211JC
6213CE,6211JD
6213CE,6211JG
6213CE,6211JH
6213CE,6211JJ
6213CE,6211JK
6213CE,6211JL
6213CE,6211JM
6213CE,6211JN
6213CE,6211JP
6213CE,6211JR
6213CE,6211JS
6213CE,6211JV
6213CE,6211JW
6213CE,6211JX
6213CE,6211JZ
6213CE,6211KA
6213CE,6211KB
6213CE,6211KC
6213CE,6211KG
6213CE,6211KH
6213CE,6211KJ
6213CE,6211KK
6213CE,6211KL
6213CE,6211KN
6213CE,6211KP
6213CE,6211KR
6213CE,6211KS
6213CE,6211KV
6213CE,6211KW
6213CE,6211KX
6213CE,6211KZ
6213CE,6211LA
6213CE,6211LB
6213CE,6211LC
6213CE,6211LD
6213CE,6211LE
6213CE,6211LG
6213CE,6211LH
6213CE,6211LJ
6213CE,6211LK
6213CE,6211LL
6213CE,6211LM
6213CE,6211LN
6213CE,6211LP
6213CE,6211LR
6213CE,6211LS
6213CE,6211LT
6213CE,6211LV
6213CE,6211LW
6213CE,6211LX
6213CE,6211LZ
6213CE,6211MA
6213CE,6211MB
6213CE,6211MC
6213CE,6211MV
6213CE,6211MX
6213CE,6211MZ
6213CE,6211NA
6213CE,6211NB
6213CE,6211NC
6213CE,6211ND
6213CE,6211NE
6213CE,6211NG
6213CE,6211NH
6213CE,6211NJ
6213CE,6211NK
6213CE,6211NL
6213CE,6211NM
6213CE,6211NN
6213CE,6211NP
6213CE,6211NR
6213CE,6211NS
6213CE,6211NT
6213CE,6211NV
6213CE,6211NW
6213CE,6211NX
6213CE,6211NZ
6213CE,6211PA
6213CE,6211PB
6213CE,6211PC
6213CE,6211PD
6213CE,6211PE
6213CE,6211PG
6213CE,6211PH
6213CE,6211PJ
6213CE,6211PK
6213CE,6211PL
6213CE,6211PM
6213CE,6211PN
6213CE,6211PP
6213CE,6211PR
6213CE,6211PS
6213CE,6211PW
6213CE,6211PX
6213CE,6211PZ
6213CE,6211RA
6213CE,6211RB
6213CE,6211RC
6213CE,6211RD
6213CE,6211RE
6213CE,6211RG
6213CE,6211RH
6213CE,6211RJ
6213CE,6211RK
6213CE,6211RL
6213CE,6211RM
6213CE,6211RN
6213CE,6211RP
6213CE,6211RR
6213CE,6211RS
6213CE,6211RT
6213CE,6211RV
6213CE,6211RW
6213CE,6211RX
6213CE,6211RZ
6213CE,6211SB
6213CE,6211SC
6213CE,6211SE
6213CE,6211SG
6213CE,6211SH
6213CE,6211SJ
6213CE,6211SK
6213CE,6211SL
6213CE,6211SM
6213CE,6211SN
6213CE,6211SP
6213CE,6211SR
6213CE,6211ST
6213CE,6211SV
6213CE,6211SW
6213CE,6211SX
6213CE,6211SZ
6213CE,6211TA
6213CE,6211TB
6213CE,6211TC
6213CE,6211TD
6213CE,6211TE
6213CE,6211TG
6213CE,6211WB
6213CE,6211WC
6213CE,6211WD
6213CE,6211WE
6213CE,6211WH
6213CE,6211XA
6213CE,6211XB
6213CE,6211XC
6213CE,6211XD
6213CE,6211XE
6213CE,6211XG
6213CE,6211XH
6213CE,6211XJ
6213CE,6211XK
6213CE,6211XL
6213CE,6211XN
6213CE,6211XP
6213CE,6211XR
6213CE,6211XS
6213CE,6211XX
6213CE,6211XZ
6213CE,6212AA
6213CE,6212AB
6213CE,6212AC
6213CE,6212AD
6213CE,6212AE
6213CE,6212AG
6213CE,6212AM
6213CE,6212AN
6213CE,6212AP
6213CE,6212AR
6213CE,6212AS
6213CE,6212AT
6213CE,6212AV
6213CE,6212AW
6213CE,6212BA
6213CE,6212BB
6213CE,6212BC
6213CE,6212BD
6213CE,6212BE
6213CE,6212BG
6213CE,6212BH
6213CE,6212BJ
6213CE,6212BK
6213CE,6212BL
6213CE,6212BM
6213CE,6212BN
6213CE,6212BP
6213CE,6212BR
6213CE,6212BS
6213CE,6212BT
6213CE,6212BV
6213CE,6212BW
6213CE,6212BX
6213CE,6212CA
6213CE,6212CB
6213CE,6212CC
6213CE,6212CD
6213CE,6212CE
6213CE,6212CG
6213CE,6212CH
6213CE,6212CK
6213CE,6212CL
6213CE,6212CM
6213CE,6212CN
6213CE,6212CP
6213CE,6212CR
6213CE,6212CS
6213CE,6212CT
6213CE,6212CW
6213CE,6212CX
6213CE,6212EA
6213CE,6212EB
6213CE,6212EC
6213CE,6212EG
6213CE,6212EH
6213CE,6212EJ
6213CE,6212EK
6213CE,6212EL
6213CE,6212EM
6213CE,6212EN
6213CE,6212EP
6213CE,6212ER
6213CE,6212ES
6213CE,6212ET
6213CE,6212EV
6213CE,6212EW
6213CE,6212EX
6213CE,6212EZ
6213CE,6212GA
6213CE,6212GB
6213CE,6212GC
6213CE,6212GD
6213CE,6212GE
6213CE,6212GG
6213CE,6212GH
6213CE,6212GJ
6213CE,6212GK
6213CE,6212GL
6213CE,6212GM
6213CE,6212GN
6213CE,6212GP
6213CE,6212GR
6213CE,6212GS
6213CE,6212GT
6213CE,6212GV
6213CE,6212GW
6213CE,6212GX
6213CE,6212HA
6213CE,6212HB
6213CE,6212HC
6213CE,6212HD
6213CE,6212HH
6213CE,6212NH
6213CE,6212NJ
6213CE,6212NK
6213CE,6212NL
6213CE,6212XA
6213CE,6212XB
6213CE,6212XC
6213CE,6212XD
6213CE,6212XE
6213CE,6212XH
6213CE,6212XJ
6213CE,6212XK
6213CE,6212XN
6213CE,6212XR
6213CE,6212XS
6213CE,6212XV
6213CE,6212XW
6213CE,6212XX
6213CE,6212XZ
6213CE,6213AA
6213CE,6213AB
6213CE,6213AC
6213CE,6213AD
6213CE,6213AE
6213CE,6213AJ
6213CE,6213AK
6213CE,6213AL
6213CE,6213AM
6213CE,6213AP
6213CE,6213BA
6213CE,6213BB
6213CE,6213BD
6213CE,6213BE
6213CE,6213BG
6213CE,6213BH
6213CE,6213BJ
6213CE,6213BK
6213CE,6213BL
6213CE,6213BP
6213CE,6213BR
6213CE,6213BS
6213CE,6213BT
6213CE,6213BV
6213CE,6213CA
6213CE,6213CB
6213CE,6213CC
6213CE,6213CD
6213CE,6213CG
6213CE,6213CH
6213CE,6213CJ
6213CE,6213CK
6213CE,6213CN
6213CE,6213CP
6213CE,6213CR
6213CE,6213CS
6213CE,6213CT
6213CE,6213CV
6213CE,6213CW
6213CE,6213EB
6213CE,6213EC
6213CE,6213EG
6213CE,6213EJ
6213CE,6213EM
6213CE,6213EN
6213CE,6213EP
6213CE,6213ER
6213CE,6213ES
6213CE,6213ET
6213CE,6213EV
6213CE,6213EW
6213CE,6213EX
6213CE,6213EZ
6213CE,6213GA
6213CE,6213GB
6213CE,6213GC
6213CE,6213GD
6213CE,6213GE
6213CE,6213GG
6213CE,6213GH
6213CE,6213GJ
6213CE,6213GK
6213CE,6213GL
6213CE,6213GM
6213CE,6213GP
6213CE,6213GR
6213CE,6213GS
6213CE,6213GV
6213CE,6213GW
6213CE,6213GX
6213CE,6213GZ
6213CE,6213HD
6213CE,6213HE
6213CE,6213HG
6213CE,6213HH
6213CE,6213HK
6213CE,6213HL
6213CE,6213HN
6213CE,6213HP
6213CE,6213HR
6213CE,6213HS
6213CE,6213HT
6213CE,6213HV
6213CE,6213HW
6213CE,6213HX
6213CE,6213HZ
6213CE,6213JA
6213CE,6213JB
6213CE,6213JC
6213CE,6213JD
6213CE,6213JG
6213CE,6213JH
6213CE,6213JK
6213CE,6213JL
6213CE,6213JN
6213CE,6213JP
6213CE,6213JR
6213CE,6213JS
6213CE,6213JT
6213CE,6213JV
6213CE,6213JW
6213CE,6213JX
6213CE,6213JZ
6213CE,6213KA
6213CE,6213KB
6213CE,6213KD
6213CE,6213KE
6213CE,6213KG
6213CE,6213NA
6213CE,6213NB
6213CE,6213NC
6213CE,6213NE
6213CE,6214AA
6213CE,6214AB
6213CE,6214AC
6213CE,6214AD
6213CE,6214AE
6213CE,6214AG
6213CE,6214AH
6213CE,6214AJ
6213CE,6214AK
6213CE,6214AL
6213CE,6214AM
6213CE,6214AN
6213CE,6214AP
6213CE,6214AR
6213CE,6214AS
6213CE,6214AT
6213CE,6214AV
6213CE,6214AW
6213CE,6214AX
6213CE,6214AZ
6213CE,6214BA
6213CE,6214BB
6213CE,6214BC
6213CE,6214BD
6213CE,6214BE
6213CE,6214BG
6213CE,6214BH
6213CE,6214DA
6213CE,6214PA
6213CE,6214PB
6213CE,6214PC
6213CE,6214PD
6213CE,6214PE
6213CE,6214PG
6213CE,6214PH
6213CE,6214PJ
6213CE,6214PK
6213CE,6214PL
6213CE,6214PM
6213CE,6214PN
6213CE,6214PP
6213CE,6214PR
6213CE,6214PS
6213CE,6214PT
6213CE,6214PV
6213CE,6214PW
6213CE,6214PX
6213CE,6214PZ
6213CE,6214RB
6213CE,6214RC
6213CE,6214RE
6213CE,6214RG
6213CE,6214RH
6213CE,6214RJ
6213CE,6214RK
6213CE,6214RL
6213CE,6214RM
6213CE,6214RN
6213CE,6214RP
6213CE,6214RR
6213CE,6214RS
6213CE,6214RT
6213CE,6214RV
6213CE,6214RW
6213CE,6214RX
6213CE,6214RZ
6213CE,6214SC
6213CE,6214SE
6213CE,6214SG
6213CE,6214SH