6211AL,6211AM
6211AL,6211AN
6211AL,6211AP
6211AL,6211AR
6211AL,6211AT
6211AL,6211AV
6211AL,6211AW
6211AL,6211AX
6211AL,6211AZ
6211AL,6211BA
6211AL,6211BB
6211AL,6211BC
6211AL,6211BD
6211AL,6211BE
6211AL,6211BG
6211AL,6211BH
6211AL,6211BJ
6211AL,6211BK
6211AL,6211BL
6211AL,6211BN
6211AL,6211BP
6211AL,6211BS
6211AL,6211BT
6211AL,6211BV
6211AL,6211BW
6211AL,6211BX
6211AL,6211BZ
6211AL,6211CA
6211AL,6211CB
6211AL,6211CC
6211AL,6211CD
6211AL,6211CE
6211AL,6211CH
6211AL,6211CJ
6211AL,6211CK
6211AL,6211CL
6211AL,6211CM
6211AL,6211CP
6211AL,6211CR
6211AL,6211CS
6211AL,6211CW
6211AL,6211DA
6211AL,6211DE
6211AL,6211EA
6211AL,6211EB
6211AL,6211EC
6211AL,6211ED
6211AL,6211EL
6211AL,6211EM
6211AL,6211EN
6211AL,6211EP
6211AL,6211ER
6211AL,6211ES
6211AL,6211ET
6211AL,6211EV
6211AL,6211EX
6211AL,6211EZ
6211AL,6211GA
6211AL,6211GB
6211AL,6211GC
6211AL,6211GD
6211AL,6211GJ
6211AL,6211GK
6211AL,6211GL
6211AL,6211GM
6211AL,6211GN
6211AL,6211GR
6211AL,6211GS
6211AL,6211GT
6211AL,6211GV
6211AL,6211GW
6211AL,6211GX
6211AL,6211GZ
6211AL,6211HA
6211AL,6211HB
6211AL,6211HC
6211AL,6211HD
6211AL,6211HE
